	city name	Urban Area Name	Low BUA - 1990	Low BUA – 2000	Low BUA – 2014	High BUA - 1990	High BUA – 2000	High BUA – 2014	Low BUA % - 1990	Low BUA % – 2000	Low BUA % – 2014	High BUA % - 1990	High BUA % – 2000	High BUA % – 2014	Low BUA pop density - 1990	High BUA pop density – 1990	Low BUA pop density – 2000	High BUA pop density - 2000	Low BUA pop density – 2014	High BUA pop density - 2014
0	Buenos Aires	City of Buenos Aires Urban Area	655.1875	700.4375	731.375	1702.0625	1887.5625	2046.3125	0.277945699437904	0.270648183925811	0.263303557365614	0.722054300562096	0.729351816074189	0.736696442634386	1990.0	1990.0	425.792529838138	6429.7299512456	497.821055884172	7166.39715934467
1	Adelaide	City of Adelaide Urban Area	234.5625	244.5	250.125	595.0	617.625	639.25	0.282754463949371	0.283601565898217	0.281236823612087	0.717245536050629	0.716398434101783	0.718763176387913	401.928178907747	6206.60559235331	75.9820796470134	1470.03035279979	74.7925803688524	1789.25977761853
2	Sydney	City of Sydney Urban Area	535.4375	523.1875	504.875	1359.875	1440.625	1507.3125	0.282506183017312	0.266414181598294	0.25090852616866	0.717493816982688	0.733585818401706	0.74909147383134	103.019858863125	1352.72870171864	118.215059888822	2278.08831750899	115.533774147218	2743.98870549408
3	Melbourne	City of Melbourne Urban Area	568.375	573.9375	547.3125	1625.25	1686.625	1804.1875	0.259103082796741	0.253891454007576	0.232750372102913	0.740896917203259	0.746108545992424	0.767249627897087	197.689246828272	2117.2610551877	147.029399654286	1779.15156266958	92.1690297245049	2118.04496721947
4	Canberra	Canberra Urban Area	57.125	58.125	59.0625	136.6875	141.6875	147.25	0.294743631086746	0.290897716609321	0.286276885792184	0.705256368913254	0.709102283390679	0.713723114207816	188.620329937635	1630.63799776487	106.911659870202	1343.59591482795	87.7835830295015	1636.42460073857
5	La Paz	Municipalidad de La Paz Urban Area	124.875	125.625	135.375	133.875	155.875	180.75	0.482608695652174	0.446269982238011	0.428232502965599	0.517391304347826	0.553730017761989	0.571767497034401	133.989973839456	1220.24287823475	915.084680969654	8198.32167739685	959.575412228219	8358.1211617603
6	Salvador	City of Salvador Urban Area	124.1875	120.6875	120.75	184.75	204.375	215.1875	0.401982601658912	0.371274754854836	0.359441860465116	0.598017398341088	0.628725245145164	0.640558139534884	923.00917689903	8285.65133803053	2073.20660397559	11791.9052766721	2372.61329305366	13071.7564875201
7	Rio de Janeiro	Prefeitura do Rio de Janeiro Urban Area	595.6875	597.8125	592.125	1436.5625	1448.4375	1477.625	0.293117234592201	0.292150274893097	0.286085275999517	0.706882765407799	0.707849725106903	0.713914724000483	2456.32162843475	10599.4075030016	218.125248077016	6602.9476564376	251.267858245446	7155.30966285955
8	Recife	Municipality of Recife Urban Area	157.875	172.25	185.4375	176.875	194.625	214.375	0.471620612397311	0.469505962521295	0.463811161481945	0.528379387602689	0.530494037478705	0.536188838518055	209.122131172769	5862.96408222576	4908.67972466721	11328.7791479057	5035.46964027031	11904.3235178083
9	Porto Alegre	Municipality of Porto Alegre Urban Area	238.3125	254.0625	266.0	517.9375	572.0625	631.3125	0.315123966942149	0.307535179300953	0.296440760604583	0.684876033057851	0.692464820699047	0.703559239395417	4928.48732665093	10226.1042713752	732.566498431014	5493.73591387798	580.872591015447	5453.37657222938
10	Florianópolis	Prefeitura de Florianópolis Urban Area	92.3125	92.8125	92.3125	124.125	138.0625	152.5	0.426508807392434	0.402003248511099	0.377074291549655	0.573491192607566	0.597996751488901	0.622925708450345	1091.66248301378	5236.0573127676	425.382595184072	3782.90059491011	495.256118421597	4742.7008074865
11	Curitiba	Municipality of Curitiba Urban Area	284.75	290.625	294.0625	561.3125	578.5	600.125	0.336559060353106	0.334388033942183	0.328859998602083	0.663440939646894	0.665611966057817	0.671140001397917	468.162949826527	3110.09075008874	345.5102623231	4174.85371622065	365.133100962006	4881.31517859755
12	Belo Horizonte	Belo Horizonte Urban Area	241.9375	249.9375	269.8125	519.6875	583.0625	619.125	0.317659609387822	0.300045018007203	0.303522463615271	0.682340390612178	0.699954981992797	0.696477536384729	314.652661677605	3578.67899652223	446.015786691832	6635.92550747631	490.081890736777	7213.6137169403
13	Goiânia	City of Goiânia Urban Area	178.875	179.5625	189.625	299.625	356.125	423.75	0.373824451410658	0.335200093338	0.309150193600978	0.626175548589342	0.664799906662	0.690849806399022	802.558362836027	6190.48440100835	575.864769854766	4097.98930508005	502.04524542291	4870.12065357107
14	Palmas	Prefeitura de Palmas Urban Area	18.75	23.5	27.875	14.4375	18.4375	19.625	0.564971751412429	0.560357675111773	0.586842105263158	0.435028248587571	0.439642324888227	0.413157894736842	888.703165693609	3389.8597425393	1359.00313318299	2570.32823097746	2764.44548170636	4921.91966728648
15	Sorocaba	Prefeitura de Sorocaba Urban Area	83.25	88.6875	91.0625	143.75	155.0625	168.625	0.366740088105727	0.363846153846154	0.350661853188929	0.633259911894273	0.636153846153846	0.649338146811071	1042.72322754388	1498.52394599419	258.55167089625	3764.94504030805	231.240489135167	4454.5926054466
16	Brasília	City of Brasília Urban Area	213.4375	207.375	222.875	191.75	259.0625	290.75	0.526762301403671	0.444593327080263	0.43392552932587	0.473237698596329	0.555406672919737	0.56607447067413	281.137893614004	3196.53321064825	726.209837444831	5008.56052943081	692.483970787603	6371.56990172088
17	Guaratinguetá	Estância Turística de Guaratinguetá Urban Area	22.4375	21.75	22.375	27.875	29.75	32.375	0.445962732919255	0.422330097087379	0.408675799086758	0.554037267080745	0.577669902912621	0.591324200913242	1269.58405675246	4002.59523317455	427.129401994569	3794.19010526192	320.700063081177	3878.58307169027
18	Detroit	Detroit Urban Area	1028.25	1045.75	1059.625	2356.1875	2628.3125	2743.75	0.303817104023933	0.284630432933571	0.278601242317678	0.696182895976067	0.715369567066429	0.721398757682322	599.022232623651	3414.38598312925	279.740512847595	1509.56916831753	218.593981488791	1354.91584337179
19	Calgary	City of Calgary Urban Area	120.1875	138.0	176.9375	264.375	310.1875	361.5	0.312530472940029	0.30790684702273	0.328612884503772	0.687469527059971	0.69209315297727	0.671387115496228	434.948175596026	1626.38302546797	931.550033357134	2239.01044887606	818.500980209099	3090.88238333551
20	Winnipeg	City of Winnipeg Urban Area	107.9375	112.9375	117.625	253.875	270.8125	296.9375	0.298324408360684	0.294299674267101	0.28373285089703	0.701675591639316	0.705700325732899	0.71626714910297	929.065820602844	1704.4393700186	388.96436825154	2151.76766868084	365.58151757702	2277.80195240226
21	Toronto	Toronto Urban Area	571.4375	575.4375	579.9375	1514.5625	1690.1875	1882.375	0.273939357622244	0.253986206896552	0.23552554763053	0.726060642377756	0.746013793103448	0.76447445236947	431.432118448815	2031.85928232226	458.892395422885	2785.23016351523	217.583539631473	3310.00730012784
22	Edmonton	City of Edmonton Urban Area	110.5625	129.8125	151.75	267.9375	310.9375	365.3125	0.292107001321004	0.294526375496313	0.293484830170434	0.707892998678996	0.705473624503687	0.706515169829566	626.941732829951	2497.60443555446	833.097816784632	1996.0222774588	659.47342627772	2569.1832272921
23	London, ON	City of London, ON Urban Area	72.75	77.75	90.4375	136.25	147.75	171.5	0.348086124401914	0.344789356984479	0.34526366022429	0.651913875598086	0.655210643015521	0.65473633977571	859.658030285137	1593.29787956001	319.68269515337	2166.91642633086	152.616973411186	2209.24452958449
24	Montreal	Ville de Montreal Urban Area	321.75	326.0	321.3125	892.5625	968.3125	1052.5625	0.264964743424777	0.251871167125404	0.233873168956419	0.735035256575223	0.748128832874596	0.766126831043581	433.494175565211	2060.95337453851	390.126783050952	3098.0267911601	258.006415062165	3271.44411985582
25	Peterborough, ON	City of Peterborough Urban Area	26.25	28.375	27.75	30.6875	33.875	37.75	0.461031833150384	0.455823293172691	0.423664122137405	0.538968166849616	0.544176706827309	0.576335877862595	496.680125996586	3013.88740454373	453.296109750998	2077.55608987456	339.579362001526	2032.30892400868
26	Vancouver	Vancouver Urban Area	272.5	275.1875	275.4375	666.875	693.3125	728.5	0.290086493679308	0.284137842023748	0.274357218452344	0.709913506320692	0.715862157976252	0.725642781547656	586.622077239695	2084.41120340965	271.268682170337	2454.59220123675	253.565299477988	3053.65149105658
27	Santiago	Región Metropolitana de Santiago Urban Area	261.6875	282.4375	340.8125	501.5625	540.75	585.8125	0.342859482476253	0.343102270138942	0.367799811142587	0.657140517523747	0.656897729861058	0.632200188857413	277.15971291049	2106.72711546177	855.412829089444	9997.20658162717	1102.9692253731	10818.3636290976
28	Bogotá	Bogotá Distrito Capital Urban Area	319.75	348.5	403.5	418.75	433.1875	534.5625	0.432972241029113	0.445830335012393	0.430141914851089	0.567027758970887	0.554169664987607	0.569858085148911	751.667289288852	9797.39222353546	1056.08132510816	15458.2983437977	1014.65279400422	16424.2278919646
29	Santiago de Cali	Santiago de Cali Urban Area	56.0	57.8125	62.625	119.6875	122.3125	126.5	0.31874777659196	0.320957668285913	0.331130204890945	0.68125222340804	0.679042331714087	0.668869795109055	845.544915957531	12504.3606506666	1581.02274695136	17057.8406449105	1663.54120187232	18606.5534246392
30	Copenhagen	Copenhagen Urban Area	134.5	142.875	147.75	375.875	389.1875	406.0	0.263531716874847	0.268530482791025	0.266817155756208	0.736468283125153	0.731469517208974	0.733182844243792	1402.42018397529	14756.5125588997	244.090316294075	3127.55490988576	236.041592613729	3500.96331615166
31	Aarhus	Aarhus Kommune Urban Area	37.625	40.125	42.6875	77.375	85.25	93.3125	0.327173913043478	0.320039880358923	0.313878676470588	0.672826086956522	0.679960119641077	0.686121323529412	238.58180900699	2948.64334866848	257.630589338775	2660.08338107112	244.122635722515	2783.30358856569
32	Hjørring	Municipality of Hjørring Urban Area	10.1875	13.875	14.6875	13.25	14.875	16.25	0.434666666666667	0.482608695652174	0.474747474747475	0.565333333333333	0.517391304347826	0.525252525252525	290.250118048826	2660.40043807762	197.040180671859	1733.99403535218	187.839689733817	1592.94036947397
33	Quito	Distrito Metropolitano de Quito Urban Area	273.625	272.9375	278.125	364.6875	387.5625	411.1875	0.428669342994223	0.413228614685844	0.403481729984586	0.571330657005777	0.586771385314156	0.596518270015414	221.836931302138	1931.24801722113	540.808717329703	4660.50956068084	669.955484335482	5904.96708075017
34	Santiago de Guayaquil	Santiago de Guayaquil Urban Area	76.4375	75.5	87.5	163.0625	181.5	199.5625	0.319154488517745	0.293774319066148	0.304811669932506	0.680845511482255	0.706225680933852	0.695188330067494	473.786554297699	3839.46771748076	969.597731175111	11993.277241184	1101.79889001564	13733.1124370227
35	Addis Ababa	Addis Ababa City Administration Urban Area	82.375	103.75	202.125	102.8125	155.0625	281.75	0.444819439757003	0.400869355228206	0.417721518987342	0.555180560242997	0.599130644771794	0.582278481012658	935.715604190152	10768.6152251577	3063.22749910656	16527.7609118362	1600.27738176964	13451.8381597321
36	Turku	City of Turku Urban Area	47.25	49.0	52.0	28.5	29.9375	34.9375	0.623762376237624	0.620744259699129	0.598130841121495	0.376237623762376	0.379255740300871	0.401869158878505	4243.81866951588	17602.1730059128	748.129069814891	5448.84604665481	723.652537587605	5377.81209819432
37	Lahti	City of Lahti Urban Area	23.25	24.8125	26.5625	10.625	11.8125	12.9375	0.686346863468635	0.677474402730375	0.67246835443038	0.313653136531365	0.322525597269625	0.32753164556962	720.461877776261	5227.63775367068	841.876316638678	6216.78000733714	807.218437332827	6415.37502712674
38	Helsinki	City of Helsinki Urban Area	167.4375	180.125	193.5625	210.8125	254.3125	294.875	0.442663582286847	0.41461660192778	0.396289187460013	0.557336417713153	0.58538339807222	0.603710812539987	853.607786199098	6395.71547995175	396.318278024872	3399.85504759392	367.35373841534	3676.30363056204
39	Nice	Métropole Nice Côte d'Azur Urban Area	136.75	137.625	138.4375	230.9375	240.5625	245.5	0.371919088900221	0.363906792265741	0.360573009930002	0.628080911099779	0.636093207734259	0.639426990069998	428.271686347188	3482.60201777558	333.338524395043	3302.26656216874	358.470548766498	3413.15868364478
40	Paris	City of Paris Urban Area	667.375	704.0	729.125	1876.9375	2044.3125	2130.3125	0.262300719742563	0.256157187364974	0.254988961989902	0.737699280257437	0.743842812635026	0.745011038010098	332.044195116007	3325.57992271248	230.993857258345	4874.34106712425	235.08378251895	5095.57112779823
41	Nancy	Communauté urbaine du Grand Nancy Urban Area	26.25	27.6875	27.5625	69.6875	72.5625	76.75	0.273615635179153	0.276184538653367	0.264230077890953	0.726384364820847	0.723815461346633	0.735769922109047	265.342371312966	5035.91219519781	286.996392973701	3616.65541658886	240.442613291843	3336.16603075953
42	Hamburg	Free and Hanseatic City of Hamburg Urban Area	284.8125	292.75	312.0	585.1875	606.0	623.0625	0.327370689655172	0.325730180806676	0.333667535592541	0.672629310344828	0.674269819193324	0.666332464407459	314.691332053535	3850.02816184005	342.509401470648	3588.58170282093	344.801857384913	3594.34654448444
43	Magdeburg	Landeshauptstadt Magdeburg Urban Area	30.125	37.0625	38.0	79.3125	86.8125	92.6875	0.275271273557967	0.299192734611504	0.290769966523195	0.724728726442033	0.700807265388496	0.709230033476805	336.953461400428	3454.81842957227	288.453576108984	2644.40227146574	235.589048374571	2555.81086458295
44	Heidelberg	Stadt Heidelberg Urban Area	41.4375	44.5	44.375	70.8125	75.5	84.0625	0.369153674832962	0.370833333333333	0.345498783454988	0.630846325167038	0.629166666666667	0.654501216545012	310.656636275614	2694.16789876879	348.290675583667	3299.53500234844	338.48617656403	3153.61680955851
45	Athens	City of Athens Urban Area	216.875	229.9375	235.875	506.25	525.25	540.3125	0.299913569576491	0.304477364892825	0.303889202029149	0.700086430423509	0.695522635107175	0.696110797970851	336.569220202355	3234.36000162042	356.0950993886	6755.86836200462	316.147452566262	6514.13612692344
46	Hong Kong	Guangzhou and Hong Kong Urban Area	4285.0	4402.3125	4754.25	3414.875	4930.9375	6262.4375	0.55650254062566	0.471680550719203	0.431549864693902	0.44349745937434	0.528319449280797	0.568450135306098	371.028556930378	6520.30604234578	814.776761005488	7919.36439477701	826.693473862191	8758.23566118808
47	Reykjavík	City of Reykjavík Urban Area	24.75	27.0625	31.75	25.5	31.0	37.125	0.492537313432836	0.466092572658773	0.460980036297641	0.507462686567164	0.533907427341227	0.539019963702359	992.173744748923	8334.6834469007	815.962522316199	4679.83893757482	724.064935016116	4793.40553442958
48	Jakarta	Jakarta Urban Area	2525.75	2570.25	2524.25	4373.3125	4743.4375	5219.6875	0.366100466548897	0.351430109640315	0.325964665908009	0.633899533451103	0.648569890359685	0.674035334091991	838.859959550127	4973.6355489095	625.826178388856	5566.38899661629	711.280374095213	7188.05793835747
49	Dublin	Dublin City Council Urban Area	144.125	157.0	165.1875	284.6875	317.1875	346.375	0.336102608949133	0.331092658494794	0.322907758094075	0.663897391050867	0.668907341505206	0.677092241905925	612.172731561374	4618.49556613211	432.990878959278	3317.46472382306	320.487136124862	3651.93132027372
50	Bologna	Comune di Bologna Urban Area	91.4375	110.375	144.4375	115.875	126.125	146.8125	0.441061199879409	0.466701902748414	0.495922746781116	0.558938800120591	0.533298097251586	0.504077253218884	570.395235746492	3445.66137002276	338.615496777843	4057.6360711059	284.35543960192	3566.12631702382
51	Ferrara	Comune di Ferrara Urban Area	36.0	45.0	54.4375	35.75	39.5625	49.125	0.501742160278746	0.532150776053215	0.525648762824381	0.498257839721254	0.467849223946785	0.474351237175619	401.272808050536	4444.32836532181	274.371216393241	2717.1168437554	204.733466405342	1980.04527205062
52	Genova	Comune di Genova Urban Area	47.25	48.5625	51.4375	71.0	72.0625	71.6875	0.399577167019027	0.40259067357513	0.417766497461929	0.600422832980973	0.59740932642487	0.582233502538071	308.697513522037	3207.75166704938	766.446974518446	8678.53687052797	741.706692142337	8062.6687782241
53	Milano	Comune di Milano Urban Area	650.5	668.4375	675.3125	1338.0625	1395.5625	1478.625	0.327120721626803	0.323855377906977	0.313524649624235	0.672879278373197	0.676144622093023	0.686475350375765	831.378768429475	9446.75429577895	299.898277217983	3373.21327200111	307.961815050855	3413.2395707815
54	Piacenza	Comune di Piacenza Urban Area	38.9375	39.25	42.5625	40.125	43.1875	46.25	0.492490118577075	0.476118271417741	0.479239971850809	0.507509881422925	0.523881728582259	0.520760028149191	300.514610661516	3453.7009792874	237.542373278244	2354.43064679423	229.640777459525	2408.287555509
55	Ravenna	Comune di Ravenna Urban Area	23.625	25.4375	27.5	36.4375	41.625	45.625	0.393340270551509	0.379310344827586	0.376068376068376	0.606659729448491	0.620689655172414	0.623931623931624	254.664726856405	2430.29507389247	220.164007779421	2041.77431655288	214.08567614027	2050.20544291457
56	Roma	Roma Capitale Urban Area	451.6875	480.75	500.5625	547.0	626.1875	710.6875	0.452281118968646	0.434306363277059	0.413261093911249	0.547718881031354	0.565693636722941	0.586738906088751	231.664609367491	2223.9139365561	474.607600934997	4490.50190843757	459.620184499335	4215.2333627187
57	Torino	Comune di Torino Urban Area	193.25	195.125	197.0625	294.0625	302.3125	324.75	0.396562780556624	0.392260334212841	0.377650017966223	0.603437219443376	0.607739665787159	0.622349982033776	506.548011981287	5058.82119886967	369.448366613255	4738.12149535552	350.560176048056	4528.17936266047
58	Udine	Comune di Udine Urban Area	35.5	38.125	41.75	60.0	64.0625	68.8125	0.371727748691099	0.373088685015291	0.377614471452798	0.628272251308901	0.62691131498471	0.622385528547202	370.250685756622	4911.19129246257	220.918793339539	2077.58927692692	220.782223961567	2074.82326948978
59	Venezia	Comune di Venezia Urban Area	16.3125	17.625	17.4375	23.625	26.125	29.625	0.408450704225352	0.402857142857143	0.370517928286853	0.591549295774648	0.597142857142857	0.629482071713147	232.069943741253	2161.9159301122	171.973906656318	2170.21505726353	113.352420807205	1740.66119136891
60	Hiroshima	City of Hiroshima Urban Area	153.875	160.25	166.8125	257.625	278.4375	279.8125	0.373936816524909	0.365294201453198	0.37349566190876	0.626063183475091	0.634705798546802	0.62650433809124	227.532810715423	2534.60672901295	464.5775097393	5029.55059145875	459.440459889262	4910.89218909234
61	Tokyo	Tokyo Urban Area	2418.375	2396.875	2249.3125	5292.4375	5632.125	6068.125	0.313634263574688	0.298527213849794	0.270433351618212	0.686365736425312	0.701472786150205	0.729566648381788	497.199257578316	5347.75364816102	422.312218986744	5824.28120061865	400.025597113373	5964.5777607979
62	Nagoya	City of Nagoya Urban Area	1077.125	1072.1875	1055.8125	2928.5625	3064.0625	3141.5625	0.268898909363249	0.259217286189181	0.251541141785044	0.731101090636751	0.740782713810819	0.748458858214956	436.035737368543	5656.18318972176	293.4693244681	2896.7485350814	279.87304146179	2937.92259052792
63	Okayama	City of Okayama Urban Area	278.6875	272.8125	271.9375	597.3125	639.9375	654.125	0.318136415525114	0.298890714872638	0.293649186744955	0.681863584474886	0.701109285127362	0.706350813255045	300.895508999743	2877.32647853556	223.158183000653	2139.77239011729	205.630596440978	2046.43181793079
64	Amman	Greater Amman Municipality Urban Area	253.6875	291.125	322.625	290.1875	357.3125	421.75	0.466444495518272	0.448963855421687	0.433417296389589	0.533555504481728	0.551036144578313	0.566582703610411	251.262705754739	2261.53710700563	666.493351762077	6751.48795156194	883.311331172604	9027.92987545355
65	Vilnius	Vilnius City Municipality Urban Area	51.875	57.625	58.375	56.5625	60.875	65.0	0.478386167146974	0.486286919831224	0.473150962512665	0.521613832853026	0.513713080168776	0.526849037487335	621.341030971017	5851.5745601157	1071.78372900834	8616.347104803	991.451938671142	7875.15673170823
66	Mexico City	Mexico City Urban Area	958.25	1025.125	1061.75	1718.0625	1885.1875	2049.4375	0.358048621003713	0.352238805970149	0.341268406356094	0.641951378996287	0.647761194029851	0.658731593643906	1091.6189540695	8798.77629293368	1090.28353912532	10582.0358969681	1070.60092695138	10818.9758002786
67	San Luis Potosí	Ayuntamiento de San Luis Potosí Urban Area	64.5625	69.8125	70.5625	98.8125	117.4375	146.5625	0.395179801071155	0.37283044058745	0.324985607369027	0.604820198928845	0.62716955941255	0.675014392630973	1333.52508470476	10218.4421256284	1347.82234346277	7189.11616880667	789.269791315872	7528.63144003237
68	Rotterdam	Amsterdam and Rotterdam Urban Area	767.75	820.375	810.3125	1285.375	1469.9375	1788.9375	0.373942161339422	0.358193477964252	0.311748581321535	0.626057838660578	0.641806522035748	0.688251418678465	1749.71957754865	6483.27671453689	275.634100333003	3042.12085006417	233.429310897484	2726.10657709848
69	Auckland	Auckland Council Urban Area	177.25	189.8125	201.9375	417.875	435.4375	448.5	0.297836588951901	0.303578568572571	0.310464110694725	0.702163411048099	0.696421431427429	0.689535889305275	298.303372144605	3226.8513728135	284.703772411534	2127.19093256786	273.2588120996	2613.78014473108
70	Wellington	Wellington City Council Urban Area	21.25	21.25	20.8125	13.8125	14.0	14.875	0.606060606060606	0.602836879432624	0.583187390542907	0.393939393939394	0.397163120567376	0.416812609457093	312.848437142828	1824.4185829662	2200.19695549051	3827.34390790122	2617.51027370117	4475.40797028421
71	Lagos	City of Lagos Urban Area	390.0	385.1875	414.6875	908.3125	1212.8125	1462.1875	0.300389929235065	0.241043491864831	0.220945720945721	0.699610070764935	0.758956508135169	0.779054279054279	1889.51711250195	3327.33113914593	340.403198379633	6779.26414931272	402.855278532588	8409.40288250037
72	Oslo	City of Oslo Urban Area	109.9375	110.75	114.3125	179.1875	192.1875	208.1875	0.380242109814094	0.365586961006808	0.354457364341085	0.619757890185906	0.634413038993192	0.645542635658915	443.936736850391	6843.1309622272	491.610447230843	3635.34245788078	540.775545561893	4302.8415395049
73	Lima	Metropolitan Municipality of Lima Urban Area	379.25	388.3125	381.4375	845.625	850.0	902.875	0.309623430962343	0.313581991621663	0.296997420799066	0.690376569037657	0.686418008378337	0.703002579200934	486.567535222449	3408.01069183935	1165.66201386515	8096.37884443956	1508.43332106981	10249.3153277728
74	Batangas	Batangas City Urban Area	92.5	97.3125	98.0	25.5	27.9375	33.6875	0.783898305084746	0.776946107784431	0.744186046511628	0.216101694915254	0.223053892215569	0.255813953488372	936.755900584618	6506.01378047517	2042.47659136591	8316.09893955854	2541.50701427015	9644.00015649459
75	Pasig	Manila Urban Area	907.625	1027.125	1153.1875	1161.8125	1248.3125	1364.3125	0.438585364380417	0.451396709424012	0.458068520357498	0.561414635619583	0.548603290575988	0.541931479642502	1557.1161305663	6374.4828153124	2282.21948742623	13301.3325621731	2608.04249339405	16109.9460282163
76	Warsaw	City of Warsaw Urban Area	281.8125	293.9375	306.375	448.5	479.625	521.375	0.385879332477535	0.379978993294013	0.37012987012987	0.614120667522465	0.620021006705987	0.62987012987013	1871.52796342817	10370.4853424398	338.953165858178	4368.25451698333	354.442433350506	4231.85221477208
77	Torres Vedras	Torres Vedras Municipality Urban Area	19.6875	25.25	30.75	7.1875	14.0625	20.4375	0.732558139534884	0.642289348171701	0.600732600732601	0.267441860465116	0.357710651828299	0.399267399267399	333.5842342049	4582.77129670635	210.019510655184	1402.696428282	148.166411850268	1207.47648853045
78	Faro	Faro Urban Area	27.8125	30.5	32.375	14.5625	17.375	18.875	0.656342182890855	0.637075718015666	0.631707317073171	0.343657817109145	0.362924281984334	0.368292682926829	308.367908207386	2026.31798543515	191.964052767978	2483.41872997078	223.364553196751	2662.66486103329
79	Lisbon	Lisbon Urban Area	238.125	240.5	252.3125	374.3125	443.8125	472.4375	0.388815185222982	0.351447620787287	0.348137288720248	0.611184814777018	0.648552379212713	0.651862711279752	193.361886493703	2512.48781349117	325.774358323988	4662.05131534147	260.737670030372	4563.29871759827
80	Águeda	Município de Águeda Urban Area	27.75	30.9375	31.9375	22.3125	30.5	35.5	0.554307116104869	0.503560528992879	0.473586654309546	0.445692883895131	0.496439471007121	0.526413345690454	648.808141739134	4940.64964319128	245.219575205753	797.013856884886	185.484409092761	701.489980665941
81	Santarém	Santarém Urban Area	16.875	23.875	28.0625	6.625	12.5	16.5625	0.718085106382979	0.656357388316151	0.628851540616246	0.281914893617021	0.343642611683849	0.371148459383754	388.567661221512	883.398882772408	220.541067090421	2207.91927910328	184.160544940558	1625.94461562948
82	Porto	City of Porto Urban Area	264.6875	256.5	263.125	419.125	507.6875	565.4375	0.387076135636596	0.335650609307271	0.317568077242212	0.612923864363404	0.664349390692729	0.682431922757788	543.414115358334	3273.14682424293	372.113735434758	2553.13816790092	261.63501200307	2272.47835605578
83	Ljubljana	City of Ljubljana Urban Area	55.1875	56.0	59.4375	85.0	87.125	91.1875	0.393669193045029	0.391266375545852	0.394605809128631	0.606330806954971	0.608733624454148	0.605394190871369	617.307115851347	2849.27649989162	302.122027419108	2873.87692937482	366.037631287058	3176.01624338622
84	Johannesburg	Johannesburg Urban Area	2306.4375	2293.5625	2297.5625	3866.3125	4331.0	4991.1875	0.373648292900247	0.346220976856962	0.315220373863831	0.626351707099753	0.653779023143038	0.684779626136169	289.450239087555	2734.97891317957	132.435422763776	1891.31863070716	73.5799882656366	2511.00459070503
85	Cape Town	City of Cape Town Urban Area	221.5	227.9375	238.5625	782.375	838.625	899.875	0.220645000622587	0.213712276589511	0.209552566566017	0.779354999377412	0.786287723410489	0.790447433433983	254.639600293887	1362.07379928889	180.176031704651	3159.66555414342	80.4396546696984	4251.52379322509
86	eThekwini	eThekwini Metropolitan Municipality Urban Area	384.0	391.0	381.8125	583.125	671.25	775.625	0.39705312136487	0.368086608613791	0.329877423186997	0.60294687863513	0.631913391386209	0.670122576813003	297.291396939106	2358.53041910084	794.034548294608	3754.73803488901	554.1960954493	3898.09991358414
87	Seoul	Seoul Urban Area	1144.0	1232.0	1282.0	1251.0625	1519.9375	1749.5625	0.477649330654211	0.447684585859962	0.422884238738274	0.52235066934579	0.552315414140038	0.577115761261726	1026.26775143169	3280.47759585761	888.642792008586	12698.7273859011	1142.51594168359	12838.7509003607
88	Zaragoza	City of Zaragoza Urban Area	60.0625	67.375	82.375	66.5	72.0625	86.875	0.474567901234568	0.483191393993725	0.486706056129985	0.525432098765432	0.516808606006275	0.513293943870015	896.084256897908	13646.8053721552	889.025429527167	7912.98989373213	828.824531690185	7174.50330309971
89	Madrid	Ayuntamiento de Madrid Urban Area	415.6875	409.875	402.375	623.9375	779.4375	904.75	0.399843693639533	0.344631877660413	0.307832074208664	0.600156306360466	0.655368122339587	0.692167925791336	960.59002462174	8374.76405420518	535.526667144614	6060.83515288673	514.764029551624	6263.73053752523
90	Stockholm	City of Stockholm Urban Area	199.0625	217.375	223.6875	308.125	329.5	358.25	0.392483056069008	0.397485714285714	0.384384061862313	0.607516943930992	0.602514285714286	0.615615938137687	651.935144612131	6893.0567278766	511.96761820736	4056.25095245871	566.552719406713	4762.16149759392
91	Zürich	Stadt Zürich Urban Area	139.1875	142.375	148.875	235.8125	241.75	249.4375	0.371166666666667	0.370647575658965	0.37376431821748	0.628833333333333	0.629352424341035	0.62623568178252	498.039928040358	3793.05069488464	308.412164655133	3359.75519965723	368.485088360448	3915.49990884489
92	Lausanne	Ville de Lausanne Urban Area	41.25	43.5625	43.5625	71.8125	72.8125	75.0	0.364842454394693	0.374328678839957	0.367422245651028	0.635157545605307	0.625671321160043	0.632577754348972	288.872856225586	3112.47072993	300.345623757653	3415.12111259755	351.472538449501	4019.62164992015
93	Basel	Basel-Stadt Urban Area	92.25	93.8125	94.625	171.125	178.4375	186.875	0.350261034646417	0.344582185491276	0.336145648312611	0.649738965353583	0.655417814508724	0.663854351687389	270.892432365815	3127.36372775218	281.011333030045	3115.94403734625	279.984485542469	3135.82796691078
94	New Taipei	Taipei Urban Area	465.625	465.8125	474.625	782.0625	782.0625	792.125	0.373190402244152	0.373284583792447	0.374679297414644	0.626809597755848	0.626715416207553	0.625320702585356	282.648507434463	3155.98994653673	872.799426066326	10144.9899497052	1038.23076402044	11398.1515661272
95	Yilan	Yilan County Urban Area	71.125	71.125	58.375	76.4375	76.4375	100.0625	0.481999152901313	0.481999152901313	0.368441814595661	0.518000847098687	0.518000847098687	0.631558185404339	761.561275753072	8929.97845487275	360.714156295612	2214.48978666741	247.614307598811	1659.67212190455
96	Kaohsiung	Kaohsiung City Urban Area	277.4375	283.1875	293.3125	347.0625	371.625	384.375	0.444255404323459	0.432471127231078	0.432813796919672	0.555744595676541	0.567528872768922	0.567186203080328	357.206223956923	2192.95037896694	732.86811559593	7341.53094204243	674.560909640308	7123.09605120403
97	Bornova	Bornova Municip Urban Area	125.125	137.875	152.6875	236.3125	275.4375	303.375	0.346187100121044	0.333585362165432	0.334795121282719	0.653812899878956	0.666414637834568	0.665204878717281	748.609857325585	7477.83598276252	675.256034897915	9417.82965596171	857.639370843512	9584.94673430227
98	Cardiff	City of Cardiff Urban Area	38.9375	41.4375	42.5625	95.5625	100.375	103.5625	0.289498141263941	0.292199206698986	0.291274593669803	0.71050185873606	0.707800793301014	0.708725406330197	617.101450064266	10795.3060713402	426.08334313537	3476.98163789058	407.457944347273	3972.84629532164
99	Bournemouth	City of Bournemouth Urban Area	43.875	47.8125	51.9375	124.8125	126.4375	128.375	0.260096331974805	0.274390243902439	0.288041594454073	0.739903668025194	0.725609756097561	0.711958405545927	546.40878955813	3303.97290110916	381.237148130846	3304.10574561066	362.178532003004	3620.37145142523
100	Greater London	Greater London Authority Urban Area	652.8125	686.875	717.875	1948.0625	1984.0625	2069.3125	0.250997260537319	0.257166257166257	0.257562507007512	0.749002739462681	0.742833742833743	0.742437492992488	437.551272025114	3206.55349774234	314.205455944599	4560.78853422205	282.439165263346	5179.85092273564
101	Manchester	Greater Manchester Urban Area	513.75	556.4375	619.875	1155.6875	1191.5625	1248.3125	0.307738384935045	0.318328089244851	0.331805560202068	0.692261615064955	0.681671910755149	0.668194439797932	336.69987777681	4293.2338418773	465.270862418396	3489.28421692642	387.760414609246	3605.30173754292
102	Birmingham	Birmingham City Council Urban Area	248.4375	282.25	341.4375	685.6875	698.9375	734.3125	0.265957446808511	0.287661634499013	0.317394840808738	0.734042553191489	0.712338365500987	0.682605159191262	548.243880731545	3528.11289701549	382.82958069628	3609.07489662372	308.513358416463	3770.68924921808
103	Leicester	City of Leicester Urban Area	50.0	57.9375	71.9375	120.25	123.8125	132.75	0.293685756240822	0.318775790921596	0.351450381679389	0.706314243759178	0.681224209078404	0.648549618320611	443.612603287473	3562.49763426999	586.132826284983	3920.39072073523	591.883541801143	4273.81605904071
104	Boston	Boston Urban Area	594.5	627.9375	611.125	1072.0625	1134.3125	1294.3125	0.356722295143446	0.35632713860122	0.320726867189294	0.643277704856554	0.64367286139878	0.679273132810706	701.677485436685	3712.91608743806	370.873973721621	2144.1020900355	254.123297380744	2020.07440166419
105	Boulder	City of Boulder Urban Area	20.125	20.5625	20.75	44.0	45.8125	46.4375	0.313840155945419	0.309792843691149	0.308837209302326	0.686159844054581	0.690207156308851	0.691162790697674	406.637977832703	2100.51879723167	412.143216846924	1890.253380216	488.719756889999	2095.92947625344
106	Burlington	City of Burlington Urban Area	57.4375	60.625	62.9375	47.1875	51.1875	54.0	0.548984468339307	0.542202347680268	0.538214858364511	0.451015531660693	0.457797652319732	0.461785141635489	411.475063359515	1721.58760588074	386.802919327985	1351.90477661219	395.896381246313	1407.7301802164
107	Indianapolis	City of Indianapolis Urban Area	537.9375	544.9375	528.625	835.3125	1099.1875	1241.0	0.391725832878209	0.331445297650726	0.298721480539662	0.608274167121791	0.668554702349274	0.701278519460338	377.636202087713	1296.83261596067	230.942681923518	984.005043817714	189.697192405561	1136.00806304122
108	Knoxville	City of Knoxville Urban Area	188.6875	185.875	178.8125	211.5625	243.4375	276.625	0.471424109931293	0.432959673897219	0.392616989158776	0.528575890068707	0.567040326102781	0.607383010841224	343.409403929705	951.1602522516	361.030046787702	918.523056831516	360.279728670242	1018.15430472189
109	Chicago	Chicago Urban Area	2086.875	2083.3125	2004.25	4445.8125	5046.0	5679.4375	0.319451221262306	0.292217868132446	0.260844809214326	0.680548778737694	0.707782131867554	0.739155190785674	394.915692365322	809.464535811081	144.863365439934	1643.32331312114	94.1923180912974	1554.94651440727
110	Cleveland	City of Cleveland Urban Area	378.3125	379.375	371.75	938.25	1028.875	1082.1875	0.287348682648944	0.26939463873602	0.255684993337059	0.712651317351056	0.73060536126398	0.744315006662941	223.790611450256	1704.7357667703	261.770108264628	1501.31489267996	199.601213960953	1288.02209840362
111	Columbus	City of Columbus Urban Area	437.4375	451.9375	436.625	618.4375	808.1875	939.9375	0.414289096720729	0.358644975696855	0.317185017026107	0.585710903279271	0.641355024303145	0.682814982973893	371.632853431314	1651.46360262249	308.772918878989	1287.9826604974	231.119487393281	1401.45653585681
112	Dallas	City of Dallas Urban Area	1605.5	1557.25	1487.9375	2924.1875	3462.1875	3966.5	0.354439461883408	0.310243926734818	0.27279394071341	0.645560538116592	0.689756073265182	0.72720605928659	464.211246577906	1231.64708357066	231.844548729696	1197.4369996921	164.152720880278	1489.35072091209
113	Denver	Denver Urban Area	358.25	363.75	362.5625	953.5625	1076.875	1162.6875	0.273095430940016	0.252494577006508	0.237706933289625	0.726904569059984	0.747505422993492	0.762293066710375	293.128199234298	1055.41478020687	351.701793691225	1707.25899252113	312.471720135466	2009.89664902571
114	District of Columbia	Washington DC Urban Area	773.5625	780.4375	744.8125	1566.125	1791.375	2045.375	0.330626419126486	0.303458164232424	0.266939945792173	0.669373580873514	0.696541835767576	0.733060054207826	453.030274894512	1522.1014698766	360.112034843953	1930.56685336708	272.922950638125	2071.29816006028
115	Flagstaff	City of Flagstaff Urban Area	16.75	18.25	19.375	6.75	7.4375	8.1875	0.712765957446808	0.710462287104623	0.702947845804989	0.287234042553192	0.289537712895377	0.297052154195011	463.802774416068	1820.13098900561	1177.20041864814	1642.89484637124	1586.89584834278	1770.0200790449
116	San Francisco	San Francisco Bay Urban Area	442.375	454.0625	462.5625	1790.0	1832.9375	1872.375	0.198163391007335	0.198540664626148	0.198104874327471	0.801836608992665	0.801459335373852	0.801895125672529	1058.38030456902	1398.1675179976	168.476996200776	2539.08051190217	136.392746619079	2640.49137845377
117	Los Angeles	Los Angeles Urban Area	1143.5625	1170.375	1174.375	5518.3125	5721.5	5965.8125	0.171657754010695	0.169819533871407	0.16447397214709	0.828342245989305	0.830180466128593	0.83552602785291	190.083528853781	2395.2880599804	155.470536339756	2419.34068581019	112.386005135868	2557.0863886613
118	Lancaster, PA	City of Lancaster, PA Urban Area	196.1875	193.3125	181.0625	167.5	205.5625	249.9375	0.539439766282866	0.48464431212786	0.420098607888631	0.460560233717134	0.51535568787214	0.579901392111369	198.426744891822	2266.70474124573	134.2475762664	1041.68381943223	96.0538414489455	1032.84385040546
119	Las Vegas	City of Las Vegas Urban Area	214.6875	209.1875	223.5	667.875	720.0625	817.5625	0.243254727002337	0.225114339521119	0.214684517019872	0.756745272997663	0.774885660478881	0.785315482980128	190.505401561936	1016.72486960232	533.692602778919	1582.3145232224	480.780303428697	2591.63022092636
120	St Louis	Saint Louis Urban Area	579.625	579.75	592.75	1262.5	1368.8125	1425.75	0.314650200176427	0.297527023126022	0.293658657418875	0.685349799823573	0.702472976873978	0.706341342581125	469.227638294996	1101.76472479101	197.177113168312	1224.10218042046	182.659556779893	1213.91211282668
121	Minneapolis	City of Minneapolis Urban Area	587.9375	582.375	577.875	1302.9375	1436.3125	1531.0	0.31093409135982	0.288491903774111	0.274020508564993	0.68906590864018	0.711508096225889	0.725979491435007	242.9631513267	1236.25317635553	321.661220859692	1367.29719445891	290.55508407483	1409.1338512913
122	Nashville and Davidson	Metropolitan Government of Nashville and Davidson County Urban Area	303.0	307.3125	302.0	433.875	501.9375	568.75	0.411195928753181	0.379749768303985	0.346827447602641	0.588804071246819	0.620250231696015	0.653172552397359	386.588840685609	1328.76463269616	239.444442228815	991.981189405231	208.336854932263	1093.06139302457
123	New Orleans	City of New Orleans Urban Area	136.0625	144.75	150.8125	483.625	503.1875	530.375	0.219566313666162	0.223401176811035	0.221396458390678	0.780433686333838	0.776598823188965	0.778603541609322	294.467615320843	917.36490423351	122.51837610477	1992.14875653674	45.8426683029907	1393.34271809372
124	Philadelphia	New York and Philadelphia Urban Area	3405.5	3493.0625	3288.0625	7074.8125	7737.875	8621.4375	0.324942600709664	0.311021453017613	0.276087367227843	0.675057399290336	0.688978546982387	0.723912632772157	216.331768272073	2534.86711254979	309.198675457096	2672.74595909736	241.821455923202	2515.71044619662
125	Pittsburgh	City of Pittsburgh Urban Area	341.6875	355.875	361.6875	568.625	600.375	629.0625	0.375351870923447	0.372156862745098	0.365064345193036	0.624648129076553	0.627843137254902	0.634935654806964	367.82727403026	2704.67753618165	406.789101468027	1648.76222194825	330.854612048338	1482.2028164086
126	Reno	City of Reno Urban Area	84.0	92.75	99.4375	101.3125	114.9375	123.625	0.453288364249578	0.446584411676196	0.44578313253012	0.546711635750422	0.553415588323804	0.55421686746988	466.568481933862	1738.10201376653	744.421595344496	1524.2287466784	944.765163430601	2013.29102950312
127	Richmond, VA	City of Richmond, VA Urban Area	235.625	237.6875	232.75	316.75	355.3125	395.4375	0.426567096628196	0.400822091062395	0.370510396975425	0.573432903371804	0.599177908937605	0.629489603024575	647.237947466262	1219.8518698642	422.552650609277	1186.94090922904	449.005513283322	1304.36902138503
128	Savannah	City of Savannah Urban Area	59.125	59.25	60.875	86.1875	90.6875	93.1875	0.406881720430108	0.395164651938308	0.395131845841785	0.593118279569892	0.604835348061692	0.604868154158215	436.852976923901	1085.34779431793	500.796965449069	971.741064766783	614.209949796151	1128.80683837578
129	Seattle	City of Seattle Urban Area	785.4375	792.625	784.0625	1599.4375	1721.5	1798.4375	0.329341160438178	0.315268731666087	0.303606001936108	0.670658839561822	0.684731268333913	0.696393998063892	449.34087352408	849.743879024752	247.839817942826	1431.71096497202	239.173524163458	1648.19361516203
130	Tucson	City of Tucson Urban Area	273.5625	293.0	307.1875	374.3125	422.0625	449.9375	0.422245803588655	0.409754392098593	0.405728908700677	0.577754196411345	0.590245607901407	0.594271091299323	285.267904793394	1276.61651986042	333.797695107936	1340.15796408713	349.263439815572	1627.1414870692
131	San Antonio	City of San Antonio Urban Area	374.0	380.875	383.5625	636.125	722.75	867.0	0.370251206533845	0.345112696794654	0.306711979609176	0.629748793466155	0.654887303205346	0.693288020390824	376.038416582571	1164.25526586664	537.495497109333	1494.44977203942	457.584411237192	1905.22432595314
132	Austin	City of Austin Urban Area	421.125	458.625	487.875	463.0625	616.875	793.9375	0.47628472467661	0.426429567642957	0.380613389243747	0.52371527532339	0.573570432357043	0.619386610756253	548.438831590133	1212.85474688721	259.0008543127	1247.69312267497	185.869061160722	1689.58485916401
133	Roanoke	City of Roanoke Urban Area	66.9375	67.8125	65.875	127.4375	133.375	138.625	0.344372990353698	0.337061199130165	0.322127139364303	0.655627009646302	0.662938800869835	0.677872860635697	338.065364296409	1002.6624684733	429.349086729447	1075.94942182811	427.638258576268	1091.56096743634
134	Portland, OR	City of Portland, OR Urban Area	393.125	396.4375	395.3125	802.8125	860.375	898.125	0.328717010713353	0.315430901586354	0.305629379077072	0.671282989286648	0.684569098413646	0.694370620922928	424.413800781873	1041.78927168605	293.65260680828	1584.41004211953	275.145517711284	1882.49868787311
135	Iowa	City of Iowa City Urban Area	33.5625	37.3125	38.625	37.8125	44.0	49.75	0.470227670753065	0.458877786318217	0.437057991513437	0.529772329246935	0.541122213681783	0.562942008486563	345.272116686836	1380.71436190601	411.397391742187	1396.3314976318	449.870242146299	1642.59537830425
136	Aspen and Pitkin County	City of Aspen and Pitkin County Urban Area	2.875	3.5625	3.625	0.125	0.125	0.1875	0.958333333333333	0.966101694915254	0.950819672131147	0.0416666666666667	0.0338983050847458	0.0491803278688525	373.683586093423	1251.46746977784	1126.17544014412	1888.0	1123.034480767	4224.0
137	Davis, CA	City of Davis, CA Urban Area	18.5	18.25	21.75	24.125	30.1875	34.1875	0.434017595307918	0.376774193548387	0.388826815642458	0.565982404692082	0.623225806451613	0.611173184357542	1088.34782790101	1584.0	123.004321002172	1985.32037788099	97.6251446181579	2270.50061821861
138	Houston	City of Houston Urban Area	1409.625	1471.8125	1326.3125	2684.1875	3027.875	3725.6875	0.344330620906551	0.327092159177721	0.262532165479018	0.655669379093449	0.672907840822279	0.737467834520982	413.952253281063	1751.74784170531	253.168269330049	1216.88016430732	159.05689574576	1488.14912221195
139	Albany	City of Albany Urban Area	187.5625	193.1875	200.1875	281.75	311.8125	336.375	0.399653748834732	0.382549504950495	0.373092603377985	0.600346251165268	0.617450495049505	0.626907396622015	261.091695874086	1019.54920900277	170.952655342129	1148.16342146259	147.03212864693	1131.75076895341
140	Atlanta	City of Atlanta Urban Area	1491.75	1340.8125	1265.8125	2099.125	2517.8125	2767.8125	0.415427994569569	0.347484531406913	0.313815116675447	0.584572005430431	0.652515468593087	0.686184883324553	218.565435005764	1140.67762612043	310.793201119343	999.143964479018	321.102649216665	1196.45322817347
141	Baltimore	City of Baltimore Urban Area	408.75	424.625	437.9375	761.0	853.75	932.125	0.349433639666595	0.332159968710277	0.319647826285297	0.650566360333405	0.667840031289723	0.680352173714703	335.846635778166	920.515903001441	297.948920098517	1863.39230446266	227.096537240242	1810.48068070862
142	San Diego	City of San Diego Urban Area	435.3125	425.9375	448.1875	1126.125	1255.0625	1349.5625	0.2787895769123	0.253383402736466	0.249304686413573	0.7212104230877	0.746616597263534	0.750695313586427	410.482493114804	1884.16677836002	569.797476479375	2517.59538244538	337.459872985836	2955.10994924296
143	Blacksburg	Town of Blacksburg Urban Area	23.4375	25.625	27.4375	18.1875	21.1875	22.1875	0.563063063063063	0.54739652870494	0.552896725440806	0.436936936936937	0.45260347129506	0.447103274559194	682.663788721221	2251.41888552754	357.357858247401	1647.2907560153	414.384274914929	1852.95173180271
144	Durham	City of Durham Urban Area	57.75	55.1875	54.875	72.25	85.5	89.4375	0.444230769230769	0.39227010217681	0.380251190991771	0.555769230769231	0.60772989782319	0.619748809008229	437.576186853488	1504.39708020679	437.841156984898	1139.17662228705	521.822022718821	1448.99062391264
145	Eugene	City of Eugene Urban Area	88.8125	94.875	99.875	155.3125	162.8125	169.125	0.363799283154122	0.368178510793112	0.371282527881041	0.636200716845878	0.631821489206888	0.628717472118959	434.240446626886	969.75551773087	186.704490869245	1330.33950428006	177.129589052803	1453.62140121547
146	Caracas	Alcaldía Metropolitana de Caracas Urban Area	170.375	184.75	193.625	250.625	261.6875	270.125	0.404691211401425	0.413831723365533	0.417520215633423	0.595308788598575	0.586168276634467	0.582479784366577	214.441905209124	1213.35510557888	830.885061074822	5169.02468729942	1910.19282046122	23135.4031224919
147	Växjö	Växjö Urban Area	12.5625	13.25	16.0625	17.625	18.1875	19.125	0.416149068322981	0.421471172962227	0.456483126110124	0.583850931677019	0.578528827037773	0.543516873889876	270.116332466285	1569.45299454972	525.247281939354	2686.73275935117	551.700618919695	3055.15961620854
148	Umeå	Umeå Urban Area	15.625	17.1875	19.375	19.6875	20.5	21.5625	0.442477876106195	0.456053067993366	0.473282442748092	0.557522123893805	0.543946932006633	0.526717557251908	505.812849609413	2490.63110643752	472.808240179149	3591.61076020031	498.211035986918	3688.54160368546
149	Uppsala	Uppsala Urban Area	22.0625	27.375	32.625	36.3125	39.6875	45.0625	0.377944325481799	0.408201304753029	0.419951729686243	0.622055674518201	0.591798695246971	0.580048270313757	491.198780960083	3620.15776483445	349.770539768925	3166.51033829817	338.866673422271	3389.8698821048
150	Örebro	Örebro Urban Area	17.25	17.75	19.0625	26.25	28.375	29.375	0.396551724137931	0.384823848238482	0.393548387096774	0.603448275862069	0.615176151761518	0.606451612903226	385.693166663812	3109.52053670177	476.297005377159	3299.83620341969	551.040385950784	3681.69311016976
151	Bristol	Bristol Urban Area	86.125	89.625	95.0625	172.75	178.4375	186.5625	0.332689521970063	0.334343669853113	0.337549933422104	0.667310478029937	0.665656330146887	0.662450066577896	493.643958298031	3280.43165690104	428.381399454315	3496.88640035172	415.579143025684	3834.22672863422
152	Brussels	Brussels Urban Area	154.3125	155.1875	174.9375	339.625	356.125	373.8125	0.312413007718588	0.303508128590637	0.31879271070615	0.687586992281412	0.696491871409363	0.68120728929385	496.146551890495	3363.74008447838	266.104099179252	3779.96921718459	269.077991049831	4325.39317534548
153	Heilongjiang	Heilongjiang Urban Area	14.1875	15.4375	17.375	19.6875	21.75	24.1875	0.418819188191882	0.415126050420168	0.418045112781955	0.581180811808118	0.584873949579832	0.581954887218045	282.13594657492	3630.78634707297	1460.24757609857	5610.8555629089	800.29075415545	4445.78337948575
154	Qiqihaer	Qiqihaer Urban Area	56.25	66.1875	76.75	100.25	119.625	140.375	0.359424920127796	0.356205852674067	0.353483016695452	0.640575079872205	0.643794147325933	0.646516983304548	1993.38974186755	6339.8796665343	527.077761751446	8127.35448078725	363.429643656804	6680.41562881538
155	Hegang	Hegang Urban Area	53.125	58.0	61.375	110.75	120.25	130.375	0.32418001525553	0.325385694249649	0.320078226857888	0.67581998474447	0.674614305750351	0.679921773142112	629.465220717498	9357.18885574912	780.106836652856	5283.44787191601	584.458704811669	4504.6395366153
156	Nantes	Nantes Urban Area	137.75	144.6875	144.6875	173.0	193.0	216.1875	0.443282381335479	0.428465667221914	0.400935226879113	0.556717618664521	0.571534332778086	0.599064773120887	1205.18593800717	5561.33298931595	245.949821453624	2774.51327443493	232.722006609868	2636.1752009043
157	Graz	Graz Urban Area	52.75	53.25	54.6875	91.1875	103.3125	109.9375	0.366478506296135	0.340119760479042	0.332194381169324	0.633521493703865	0.659880239520958	0.667805618830676	264.721650708318	2970.0662208513	259.658695146686	2377.09021399487	279.89298433968	2753.90035989055
158	Jiamusi	Jiamusi Urban Area	69.5	80.375	85.0	128.1875	140.9375	151.6875	0.351564969965223	0.363174244563683	0.359123316609453	0.648435030034777	0.636825755436317	0.640876683390547	271.478385039936	2306.03651414627	745.46868153763	4788.34092277222	773.657054296665	4851.93858032478
159	Daqing	Daqing Urban Area	140.375	156.6875	160.5	97.4375	133.25	183.6875	0.590275952693824	0.540418193576202	0.466315598329399	0.409724047306176	0.459581806423798	0.533684401670601	776.576896705197	4662.57000138921	587.415636629004	3462.86676356403	407.665688137801	3123.79751787319
160	Lyon	Lyon Urban Area	246.1875	257.8125	262.4375	469.5625	495.4375	519.625	0.34395738735592	0.342266843677398	0.3355710061536	0.65604261264408	0.657733156322602	0.6644289938464	1008.51154503222	3549.28371063878	169.272653753005	2742.38776829463	175.654618905579	2857.74136942317
161	Haerbin	Haerbin Urban Area	244.875	286.25	300.6875	416.0625	488.0	617.6875	0.370496453900709	0.369712625121085	0.327412549339867	0.629503546099291	0.630287374878915	0.672587450660133	180.082985582671	2732.09074588401	643.536063789792	7858.69671757646	622.467378035725	7336.14825936205
162	Jixi	Jixi Urban Area	53.75	55.6875	58.8125	71.4375	76.8125	83.3125	0.429355966050924	0.420283018867925	0.413808267370273	0.570644033949076	0.579716981132075	0.586191732629727	703.411959182721	7722.26517297406	736.545620720679	6566.1602470578	553.66419852445	5619.47338990815
163	Mudanjiang	Mudanjiang Urban Area	53.3125	56.6875	60.0	93.4375	97.625	103.5	0.363287904599659	0.367355204536249	0.36697247706422	0.636712095400341	0.632644795463751	0.63302752293578	802.226980267573	7039.66409643512	906.03924032313	7747.26984918377	750.726131184182	7651.12212119356
164	Jilin	Jilin Urban Area	110.9375	120.125	127.625	210.0	221.625	234.6875	0.345666991236611	0.351499634235552	0.352251164395377	0.654333008763389	0.648500365764448	0.647748835604623	912.110168971423	7489.03831307402	477.253343775489	7440.25377045546	399.30180914214	6690.56945630072
165	Changchun	Changchun Urban Area	272.3125	297.5	300.375	399.25	488.0	673.9375	0.405490926012099	0.378739656269892	0.308294310090448	0.594509073987901	0.621260343730108	0.691705689909552	510.456995030605	7653.07651361255	338.886802810046	6779.08492498197	231.63238066789	5403.28182894916
166	Ürümqi (Wulumqi)	Ürümqi (Wulumqi) Urban Area	137.6875	156.4375	180.75	241.875	263.625	290.3125	0.362753169767825	0.37241481922333	0.383707045243466	0.637246830232175	0.62758518077667	0.616292954756534	444.660169685735	7340.3486928477	595.38182699808	7530.56740772651	841.892160199476	10744.5801062708
167	Sapporo	Sapporo Urban Area	161.0	164.6875	174.5625	347.5	360.0	363.8125	0.31661750245821	0.313877307921382	0.324239609937311	0.68338249754179	0.686122692078618	0.675760390062689	562.01993141523	5674.43461412928	454.834504887232	6089.34742821587	433.774002990167	5629.00722661073
168	Fuxin	Fuxin Urban Area	90.4375	107.5625	118.0	112.3125	134.25	175.75	0.446054254007398	0.444817782372706	0.401702127659574	0.553945745992602	0.555182217627294	0.598297872340426	499.170664625268	6401.3046340174	1120.97257933841	6038.45527063579	772.110256960187	4348.35602306404
169	Shenyang	Shenyang Urban Area	497.6875	541.4375	612.6875	778.5625	873.5625	1179.75	0.389960822722821	0.382641342756184	0.341818055022839	0.610039177277179	0.617358657243816	0.658181944977161	1593.8839074455	6975.4203655262	886.041865755634	7372.01408337213	599.654435900691	6155.90278915794
170	Barcelona	Barcelona Urban Area	264.0	262.375	265.1875	539.6875	570.5	589.8125	0.328485885372113	0.315023262794537	0.31016081871345	0.671514114627887	0.684976737205463	0.68983918128655	987.024659172652	7287.90876245143	484.11340918563	6670.96339903622	502.985427304737	7338.75843426534
171	Benxi	Benxi Urban Area	43.8125	44.75	46.6875	79.4375	81.9375	90.25	0.355476673427992	0.353231376418352	0.340940209949795	0.644523326572008	0.646768623581648	0.659059790050205	501.273994908329	6699.77591693041	889.031085680775	8624.650571682	735.937907449358	8746.42152271641
172	Anshan	Anshan Urban Area	275.375	304.6875	327.5625	429.1875	486.6875	634.1875	0.390845382772997	0.385010266940452	0.340590070184559	0.609154617227003	0.614989733059548	0.659409929815441	818.280222284152	7833.92505387037	432.119231861356	5226.01689706364	353.920242526554	4069.94213073158
173	Jinzhou	Jinzhou Urban Area	85.5	98.625	115.9375	125.3125	149.25	182.75	0.405573673287874	0.397881996974281	0.388156518100021	0.594426326712126	0.602118003025719	0.611843481899979	471.840519115013	5546.14104374455	767.487857619393	6577.46143659914	534.103127655295	5457.56922185666
174	Istanbul	Istanbul Urban Area	409.75	399.4375	395.6875	878.4375	1017.3125	1132.75	0.318082577264567	0.281939297688371	0.258883663872419	0.681917422735433	0.718060702311629	0.741116336127581	1042.04442302137	7218.6169331767	689.465800040264	10141.6553305579	835.824111401881	12839.6189996858
175	Hohhot	Hohhot Urban Area	78.9375	97.3125	128.125	98.6875	116.625	168.0	0.444405348346235	0.454864154250657	0.432672013507809	0.555594651653765	0.545135845749343	0.567327986492191	683.130590633635	9070.52967552421	2126.4909346133	11980.6091192885	1582.23659732156	11081.1680851125
176	Zhangjiakou	Zhangjiakou Urban Area	49.0625	58.375	85.4375	66.8125	73.0	106.9375	0.423408845738943	0.444338725023787	0.444119558154646	0.576591154261057	0.555661274976213	0.555880441845354	2666.8850069345	11072.4190915611	1173.44516585343	9633.89828585272	659.694460060223	6917.85419721397
177	Baotou	Baotou Urban Area	142.5	152.5	174.6875	196.5625	234.0625	263.8125	0.420276497695853	0.394502829426031	0.398375142531357	0.579723502304147	0.605497170573969	0.601624857468643	1370.69046455386	9537.69829037615	935.066160014448	6904.53186680955	1066.30814451093	7608.40262894584
178	Fort Collins	Fort Collins Urban Area	39.0625	37.6875	35.8125	70.0625	78.625	83.6875	0.357961053837343	0.324019344438474	0.299686192468619	0.642038946162658	0.675980655561526	0.700313807531381	1056.41272716938	6539.0677825297	343.695063014356	1432.61912156099	278.256289129222	1812.42409761812
179	Dandong	Dandong Urban Area	102.875	123.0625	135.625	67.0	77.0625	89.375	0.605592347314202	0.614928169893816	0.602777777777778	0.394407652685798	0.385071830106184	0.397222222222222	417.107274331284	1192.7883345313	2447.24161742211	12257.0900686841	2178.86283246915	11754.3656944435
180	Datong	Datong Urban Area	124.9375	136.0625	151.625	214.6875	243.875	277.625	0.367868973132131	0.358118111531502	0.353232382061736	0.632131026867869	0.641881888468498	0.646767617938264	2702.07338180964	12557.8353263513	724.05970307253	5764.49004487195	601.751635551535	5814.25138524522
181	Beijing	Beijing Urban Area	1181.6875	1228.3125	1228.875	2727.5	2918.8125	3342.4375	0.302284681919197	0.296184103445158	0.268823231839871	0.697715318080803	0.703815896554842	0.731176768160129	924.969776055309	5525.77233000954	338.734608184661	4383.189789473	404.938040040713	6424.66011857321
182	Tangshan	Tangshan Urban Area	262.0625	291.3125	328.0	377.75	449.5625	622.9375	0.40959265409788	0.393200607389911	0.344922773578705	0.59040734590212	0.606799392610089	0.655077226421295	275.691132203052	3151.53165350841	498.826085848057	4561.01567335379	343.163912436077	3640.29841824808
183	Tianjin	Tianjin Urban Area	573.5	668.875	703.8125	846.5625	1033.25	1467.625	0.403855464108094	0.392964676507307	0.324122844889618	0.596144535891906	0.607035323492693	0.675877155110382	629.196980030167	4766.65920657973	497.693737051799	6082.86647710904	487.642804390909	6383.62967465454
184	Dalian	Dalian Urban Area	189.5	194.25	221.0625	385.0625	436.6875	516.25	0.329816164472969	0.307875185735513	0.29982198864118	0.670183835527031	0.692124814264487	0.70017801135882	509.767308970348	5399.01410190836	548.449021369153	6841.69303392896	424.432135360754	6896.68677262867
185	Baoding	Baoding Urban Area	120.0625	135.125	138.25	217.0625	273.9375	326.625	0.35613644790508	0.330328495034377	0.297391771981716	0.64386355209492	0.669671504965623	0.702608228018284	538.276620029221	6520.19695907528	357.413582609248	4995.46509457483	290.025699199588	4561.99492524677
186	Yinchuan	Yinchuan Urban Area	36.125	55.125	131.5	27.9375	36.6875	77.625	0.56390243902439	0.600408441116406	0.628810520023909	0.43609756097561	0.399591558883594	0.371189479976091	435.768832136653	5600.30081205755	7122.01819920472	15934.5234508092	3460.82291861727	15219.0131145975
187	Sendai	Sendai Urban Area	159.375	178.5	185.8125	258.1875	291.25	311.9375	0.381679389312977	0.379989356040447	0.373304871923656	0.618320610687023	0.620010643959553	0.626695128076344	6911.87799581813	11446.8112271371	433.889935569457	4582.44648420473	394.76430370818	4219.0596538491
188	Shijiazhuang	Shijiazhuang Urban Area	298.75	361.25	374.0	513.5	647.125	775.5	0.367805478608803	0.358249659104996	0.325358851674641	0.632194521391197	0.641750340895004	0.674641148325359	496.823279143151	5072.63537203166	389.80623143709	5531.23185027021	368.192940051043	5224.72899274008
189	Taiyuan, Shanxi	Taiyuan, Shanxi Urban Area	211.9375	224.125	236.0	420.75	453.1875	498.3125	0.334979749086239	0.330903386546092	0.321389054387607	0.665020250913761	0.669096613453908	0.678610945612393	452.262312442333	6046.00754252938	394.284677384021	6147.01812940689	440.394265469589	7694.77253258281
190	Yantai	Yantai Urban Area	84.25	95.8125	97.5625	117.125	149.9375	198.5625	0.418373680943513	0.389877924720244	0.329463908822288	0.581626319056487	0.610122075279756	0.670536091177712	346.872977526907	5046.33738732352	1487.48903566301	7058.09299157649	1375.56834704813	5675.25228261302
191	Wonju	Wonju Urban Area	25.8125	31.75	35.625	16.5625	19.4375	23.375	0.609144542772861	0.62026862026862	0.603813559322034	0.390855457227139	0.37973137973138	0.396186440677966	1679.6347932096	8158.78010697502	1158.60072866974	10365.5727751017	1210.30312864163	10685.1810191761
192	Weifang	Weifang Urban Area	111.4375	141.4375	178.0	96.5625	131.0	207.25	0.535757211538462	0.519155769671943	0.462037637897469	0.464242788461538	0.480844230328057	0.537962362102531	1107.26067163638	10202.9358813016	884.289622823154	8558.20581147871	527.354949885321	6197.40211221766
193	Jinan, Shandong	Jinan, Shandong Urban Area	157.25	216.5625	260.25	232.9375	297.625	340.6875	0.403011372737466	0.421174182569588	0.433073322932917	0.596988627262534	0.578825817430412	0.566926677067083	1154.16719484931	10279.5096812424	1707.0350560523	9818.91678267234	1567.61755335394	10558.8761070194
194	Xining	Xining Urban Area	82.1875	82.5	83.4375	100.8125	104.6875	115.9375	0.449112021857923	0.440734557595993	0.418495297805643	0.550887978142076	0.559265442404007	0.581504702194357	2978.96558580743	9850.48907265178	925.803374556114	9768.34935430271	1133.13826657829	11090.6152113429
195	Handan	Handan Urban Area	114.5625	138.4375	154.875	204.125	243.0625	312.5625	0.359482251421847	0.362876802096986	0.331327717609306	0.640517748578153	0.637123197903014	0.668672282390694	843.047517384609	8124.31990540345	569.434422852377	5476.85267269167	415.324690917909	4839.03260859669
196	Zibo	Zibo Urban Area	261.9375	300.6875	321.9375	358.0625	415.1875	495.3125	0.422479838709677	0.42002793783831	0.393927806668706	0.577520161290323	0.57997206216169	0.606072193331294	599.593336214863	5719.97223532981	625.740316674895	4839.84583383652	528.491014144773	4535.6049361191
197	Taian	Taian Urban Area	62.75	78.375	94.0625	54.75	78.3125	113.25	0.534042553191489	0.500199441563622	0.453723243895086	0.465957446808511	0.499800558436378	0.546276756104914	716.045737446367	4920.1229419625	1278.57432776136	10436.8896495822	863.858827978566	7778.22511780762
198	Qingdao	Qingdao Urban Area	269.3125	305.3125	308.625	363.6875	464.375	709.0	0.425454186413902	0.396670726755989	0.303279695369119	0.574545813586098	0.603329273244011	0.696720304630881	2281.22598572403	13057.6837435509	556.098514126997	6988.45022951026	401.264949498083	5727.0453795082
199	Anyang	Anyang Urban Area	173.3125	215.625	233.6875	217.125	274.75	354.5625	0.443893068672963	0.439714504205965	0.397258818529537	0.556106931327037	0.560285495794035	0.602741181470463	646.60404422089	7302.80070476988	526.597499324278	5384.16452944116	406.508122079583	4154.19019351114
200	Lanzhou	Lanzhou Urban Area	61.125	65.0625	71.5625	183.0	185.5	192.1875	0.250384024577573	0.25966575205787	0.271327014218009	0.749615975422427	0.74033424794213	0.72867298578199	694.77183216007	6482.33552709392	3150.02701279498	10373.3276424511	2963.18552344352	12160.7833900911
201	Xinxiang	Xinxiang Urban Area	98.125	100.8125	114.5625	121.5	136.125	185.1875	0.446784291405805	0.425481403323661	0.382193494578816	0.553215708594195	0.574518596676339	0.617806505421184	2997.52693844914	8756.26602023286	839.579793942886	7465.64707728194	578.485560807422	5943.50453111363
202	Jiaozhuo	Jiaozhuo Urban Area	210.625	229.4375	253.5625	218.8125	247.625	334.5625	0.490467180905254	0.480938032228482	0.431137088204038	0.509532819094746	0.519061967771518	0.568862911795962	893.962719098934	7523.61281988356	1007.02501663349	5856.58400246737	729.532066436816	4926.70247677654
203	Linyi	Linyi Urban Area	358.9375	397.75	459.1875	322.75	448.5	765.0	0.526542587329238	0.470014771048744	0.375095726757543	0.473457412670762	0.529985228951256	0.624904273242457	1049.92586492241	5852.55476120505	634.589299616435	5004.97450533626	375.018670786294	3027.88897090987
204	Kaifeng	Kaifeng Urban Area	60.1875	74.6875	83.625	77.625	87.875	110.0	0.436734693877551	0.459438677431757	0.431891542930923	0.563265306122449	0.540561322568243	0.568108457069077	900.469243012066	6378.03347621123	1750.22053751851	9435.68033227608	1182.21973324092	7806.26810344349
205	Zhaozhuang	Zhaozhuang Urban Area	104.0	122.6875	134.9375	97.3125	126.8125	165.375	0.516609748525303	0.491733466933868	0.449323621227888	0.483390251474697	0.508266533066132	0.550676378772112	2266.38190807558	9981.12688692987	736.110669858473	5472.55392971951	571.545533373779	4463.37830846993
206	Zhengzhou	Zhengzhou Urban Area	164.0625	242.875	335.625	187.25	290.0	397.4375	0.466998754669988	0.45578231292517	0.457839543013045	0.533001245330012	0.54421768707483	0.542160456986955	909.731464414087	6306.01313400514	1759.6951183773	10922.4355186989	1340.80633043289	11901.0248263282
207	Luoyang	Luoyang Urban Area	145.1875	174.5	227.625	150.8125	182.875	233.3125	0.490498310810811	0.488282616299405	0.493830508474576	0.509501689189189	0.511717383700595	0.506169491525424	2766.96246658037	11750.892073984	2793.2284834347	10743.9874404208	1706.4421699289	9358.51096253864
208	Osaka	Osaka Urban Area	938.625	980.5	986.625	3123.5	3229.6875	3262.0625	0.231067483152291	0.232887490165224	0.23221877344474	0.768932516847709	0.767112509834776	0.76778122655526	3014.59531057321	11330.8919460456	416.014393689994	5409.17595557491	414.461000274166	5381.777875434
209	Xuzhou	Xuzhou Urban Area	254.0625	277.375	285.375	248.9375	302.4375	391.1875	0.505094433399602	0.478387409722971	0.421801385681293	0.494905566600398	0.521612590277029	0.578198614318707	428.777942676724	5435.24483785054	929.345425728204	7269.09596625023	622.927779460795	5359.73025556069
210	Xi'an, Shaanxi	Xi'an, Shaanxi Urban Area	402.75	444.875	494.125	365.875	499.0	637.25	0.52398764026671	0.4713283008873	0.43674732073804	0.47601235973329	0.5286716991127	0.56325267926196	1158.13454833651	8633.13625935439	1843.44698697069	10309.3661265096	1455.38597940274	10025.1073323695
211	Huaibei	Huaibei Urban Area	84.8125	103.125	115.8125	72.375	93.3125	142.3125	0.539562624254473	0.524976137448298	0.448668280871671	0.460437375745527	0.475023862551702	0.551331719128329	2098.94931616286	11355.3492518074	1921.97510495229	9771.13157757033	1186.12885103815	8106.04799061383
212	Pingdingshan	Pingdingshan Urban Area	83.75	88.6875	96.0625	98.9375	112.0625	138.8125	0.458433116660965	0.441780821917808	0.408994145822246	0.541566883339035	0.558219178082192	0.591005854177754	2726.65981359388	9965.33985292109	1555.58215274377	9083.56786006453	1290.40321249286	7464.80712195357
213	Huainan	Huainan Urban Area	81.5	86.75	99.0	100.3125	107.6875	136.1875	0.448264008250258	0.446158791385407	0.420940738772256	0.551735991749742	0.553841208614593	0.579059261227744	1718.68418434194	9516.35600279798	2303.02067100602	8612.88159941741	1842.01720472828	8166.38638740704
214	Xiangyang	Xiangyang Urban Area	100.0	113.625	123.1875	104.5625	115.1875	153.6875	0.488848151542927	0.49658563234089	0.444920993227991	0.511151848457073	0.50341436765911	0.555079006772009	2193.24095301481	8025.47142548843	1832.36828875022	11233.6342646267	1236.68994234808	8123.41289995278
215	Nanjing, Jiangsu	Nanjing, Jiangsu Urban Area	529.3125	645.5	702.0	412.25	538.75	824.9375	0.562163956189844	0.545070719864893	0.459743768163399	0.437836043810156	0.454929280135107	0.540256231836601	2048.53008338106	12260.3783521544	998.419077979272	8411.18429891405	824.671129512094	8443.71887839972
216	Jerusalem	Jerusalem Urban Area	154.3125	174.4375	183.5	144.5	176.375	193.25	0.516419159171721	0.497238553358275	0.487060384870604	0.483580840828279	0.502761446641725	0.512939615129396	1059.13706084132	7866.94732783765	788.702002161495	7131.68134609036	964.92379828138	8769.55422870986
217	Hefei	Hefei Urban Area	218.625	292.75	335.125	162.0	220.6875	454.8125	0.574384236453202	0.570176506390749	0.424242424242424	0.425615763546798	0.429823493609251	0.575757575757576	679.531846137454	6237.10052469115	1777.41261097802	14216.6650926044	920.470203920747	9284.76711136583
218	Shimla	Shimla Urban Area	0.625	1.9375	4.625	0.0	0.0	0.0	1.0	1.0	1.0	0.0	0.0	0.0	2497.75081890291	15147.1571061994	111054.165259577	0.0	51553.3307487385	0.0
219	Shanghai	Shanghai Urban Area	3645.25	4112.625	3873.9375	2201.9375	3295.9375	5733.8125	0.623419378974934	0.555117811316298	0.403209648460878	0.376580621025065	0.444882188683702	0.596790351539122	303255.045263672	0.0	806.569135633661	7776.41111585553	604.985554191824	7113.68328676631
220	Chengdou	Chengdou Urban Area	656.125	657.3125	691.3125	891.875	1018.5	1142.5	0.423853359173127	0.392235109834782	0.376981016325279	0.576146640826873	0.607764890165218	0.623018983674721	996.567382140012	7909.34449909508	1266.39946109008	7362.38898682395	1209.24160807295	9135.58297078782
221	Wuhan	Wuhan Urban Area	318.4375	385.25	465.5625	328.6875	421.6875	594.0	0.492080355418196	0.477422353032298	0.439391258184392	0.507919644581804	0.522577646967702	0.560608741815608	1223.01399046735	6330.37156641585	1968.8509099815	13917.6917398012	1336.74496942576	12900.7162020276
222	Jingzhou	Jingzhou Urban Area	67.9375	90.5625	107.1875	56.375	69.9375	105.25	0.546505781799899	0.564252336448598	0.50456016475434	0.453494218200101	0.435747663551402	0.49543983524566	2433.37663790736	13964.4226769657	1623.97760716302	14048.9946478877	929.534486193305	8162.46604605922
223	Dehradun	Dehradun Urban Area	51.1875	59.5	71.9375	37.6875	46.4375	55.6875	0.575949367088608	0.56165191740413	0.563663075416259	0.424050632911392	0.43834808259587	0.436336924583741	2267.80153457158	18125.9223126667	1796.09229391262	14405.0404294246	2067.856876401	17617.5989249044
224	Huangshi	Huangshi Urban Area	147.0	167.125	204.375	80.75	93.6875	153.125	0.645444566410538	0.640786005271987	0.571678321678322	0.354555433589462	0.359213994728013	0.428321678321678	1688.53414237674	12898.7663311049	1528.08415431266	10581.7196078514	775.52723489061	6728.64156348404
225	Hangzhou	Hangzhou Urban Area	1248.25	1372.3125	1264.5625	753.0625	1064.625	1766.625	0.623715686580681	0.563129953066092	0.41718385946102	0.376284313419319	0.436870046933908	0.58281614053898	1753.13053440636	11980.1554188625	642.482298247966	5787.12599367646	508.05902077453	4957.71499955405
226	Ningbo	Ningbo Urban Area	398.0	402.5625	371.5	259.25	350.4375	570.125	0.605553442373526	0.534611553784861	0.394530731448294	0.394446557626474	0.465388446215139	0.605469268551706	730.666922224261	6097.73658492704	783.304088436307	6279.48569913605	587.906909119544	5829.51473377933
227	Chongqing	Chongqing Urban Area	374.5625	415.9375	412.1875	421.6875	474.125	730.9375	0.470408163265306	0.46731268871568	0.360579551667578	0.529591836734694	0.53268731128432	0.639420448332422	834.318634606627	6044.5585117009	1407.18496470187	12715.3274414441	640.508430258192	7714.27871546099
228	Nanchang	Nanchang Urban Area	298.375	353.8125	406.4375	208.0	267.375	400.875	0.58923722537645	0.569574403863568	0.503445072385229	0.41076277462355	0.430425596136432	0.496554927614771	1830.33475960076	14281.1846911797	1164.23364819161	10070.538084921	983.771899363318	8499.94421020118
229	Changsha, Hunan	Changsha Urban Area	355.9375	430.5	520.4375	307.0625	390.0625	563.75	0.536858974358974	0.524640109680859	0.48002536461636	0.463141025641026	0.475359890319141	0.51997463538364	1294.58280661202	10434.6188654991	2485.96390405368	11252.8506041571	1557.9076820108	9601.80255776213
230	Hengyang	Hengyang Urban Area	129.8125	163.25	169.0625	74.5625	113.0625	136.0	0.635168195718654	0.590816557339968	0.554189715222291	0.364831804281346	0.409183442660032	0.44581028477771	3156.40870221801	11716.2601334261	1307.61969227237	8565.88771345604	1063.50548959487	7790.0179316717
231	Jaipur	Jaipur Urban Area	89.625	118.4375	168.6875	110.125	191.1875	274.875	0.448685857321652	0.382519176423092	0.380301535860223	0.551314142678348	0.617480823576908	0.619698464139777	2407.04082136357	10195.9497842205	2218.15582825315	14653.3140609357	1745.62437695583	14299.8981854212
232	Guiyang	Guiyang Urban Area	154.1875	188.625	269.4375	114.375	133.375	203.375	0.574121480102397	0.585791925465838	0.56986120290813	0.425878519897603	0.414208074534161	0.43013879709187	3158.89976242525	18580.9603181421	3239.78408746887	15691.3826598835	2095.50588190746	13429.4046059335
233	Gwalior	Gwalior Urban Area	32.5	36.75	45.0625	59.5625	64.875	71.6875	0.353021045485404	0.361623616236162	0.385974304068523	0.646978954514596	0.638376383763838	0.614025695931477	3633.02396175488	14578.0713300528	1875.98128068488	17762.5575955488	2068.75896055325	21406.5645297515
234	Fuzhou	Fuzhou Urban Area	268.6875	272.0625	282.125	525.1875	556.5625	588.75	0.338450637694851	0.328330064866496	0.323955791588919	0.661549362305149	0.671669935133504	0.676044208411081	1647.64920925085	15032.4919840922	513.104267895391	6167.95071409933	513.103605588615	6704.00929291517
235	Kota	Kota Urban Area	58.1875	67.25	80.6875	75.875	88.6875	105.5625	0.434032634032634	0.4312625250501	0.433221476510067	0.565967365967366	0.5687374749499	0.566778523489933	489.01917050793	5611.58979879441	1139.97486432661	9518.93974905303	1114.25846148105	10276.6387000618
236	Kunming	Kunming Urban Area	181.0	204.6875	233.75	277.75	296.125	337.0625	0.394550408719346	0.408710844877075	0.409503996496222	0.605449591280654	0.591289155122925	0.590496003503778	1152.95893044381	8718.32479149506	1071.14238089423	9830.28686323766	936.034510053722	9992.15334008413
237	Xiamen	Xiamen Urban Area	485.0	491.5	486.875	553.8125	601.125	711.125	0.466879249142651	0.449834115089807	0.406406510851419	0.533120750857349	0.550165884910193	0.593593489148581	1106.82886623066	8994.52092567808	500.337364767903	4331.49532604988	679.398718780076	7085.00404596345
238	Liuzhou	Liuzhou Urban Area	98.9375	111.5	111.5625	122.375	149.0	178.5625	0.447048856255295	0.428023032629559	0.384532529082292	0.552951143744705	0.571976967370441	0.615467470917708	398.595800455053	3022.52281594723	1753.23901869747	9282.87578826303	1267.73317742558	8677.45026692386
239	Shantou	Shantou Urban Area	1053.8125	1079.875	1140.6875	2035.5625	2097.0625	2187.9375	0.341108638478657	0.339910684424859	0.342690300048819	0.658891361521343	0.660089315575141	0.657309699951181	2099.65516350487	9851.28115096789	668.317864582768	4880.71933138295	713.100327673654	5519.83968569516
240	Ahmedabad	Ahmedabad Urban Area	169.125	195.1875	253.25	246.25	284.375	370.375	0.407162202828769	0.407011599113776	0.406093405492083	0.592837797171231	0.592988400886224	0.593906594507917	602.098195619898	4249.95271171154	1340.10849474731	19016.3517220499	1134.35657549905	19233.7632585539
241	Nanning	Nanning Urban Area	110.125	122.375	142.625	128.8125	164.125	185.75	0.460894585404133	0.427137870855148	0.434335744194899	0.539105414595867	0.572862129144852	0.565664255805101	1421.20754327811	17180.3324887968	1026.8453078924	13356.5381292957	921.21490444093	13338.9518943505
242	Indore	Indore Urban Area	129.25	166.4375	212.625	112.6875	146.0	251.9375	0.534228881425988	0.532706541308262	0.457688685591282	0.465771118574012	0.467293458691738	0.542311314408718	1435.86409067613	14513.3757088944	1526.27639282929	13801.4994621277	1384.23591371006	12257.5953401998
243	Rajkot	Rajkot Urban Area	41.25	50.75	65.3125	54.375	66.875	92.375	0.431372549019608	0.431455897980871	0.41418945699564	0.568627450980392	0.568544102019129	0.58581054300436	1394.50326536947	13149.6195165176	1716.71404891171	17617.3100193487	1532.16242754753	16305.3671027611
244	Aguascalientes	Aguascalientes Urban Area	57.0	63.1875	72.9375	70.5	96.5	130.4375	0.447058823529412	0.395694716242661	0.358635525507068	0.552941176470588	0.604305283757339	0.641364474492932	1846.46179966597	17478.1569122665	1457.2582249642	6440.99130945749	417.509763307557	7286.42363132537
245	Zhanjiang	Zhanjiang Urban Area	104.875	121.3125	135.5	80.625	111.0625	139.875	0.565363881401617	0.522054868208714	0.492056286881525	0.434636118598383	0.477945131791286	0.507943713118475	2242.03791180936	5341.2768596825	693.227766318858	7947.46913165864	624.233056343095	7729.81294539573
246	Surat	Surat Urban Area	168.0625	206.625	236.8125	80.625	148.75	287.125	0.675797939180699	0.581428068941259	0.451986162471669	0.324202060819301	0.418571931058741	0.548013837528331	911.283614415782	8868.37505371922	2063.1488329634	20625.3645833504	2112.73216763991	18269.3455627667
247	Nagpur	Nagpur Urban Area	148.875	172.875	215.5	187.4375	219.0	244.3125	0.442668648950009	0.441148325358852	0.468669294549409	0.557331351049991	0.558851674641148	0.531330705450591	2529.73816246613	24019.5153272052	1285.3949871959	12224.7441765772	1128.54516810426	12722.5080404021
248	León de los Aldamas	León de los Aldamas Urban Area	74.0625	85.4375	94.8125	84.875	120.1875	166.125	0.465985057019269	0.415501519756839	0.363353293413174	0.534014942980731	0.584498480243161	0.636646706586826	1316.96503296485	12254.7207367462	1718.25258464677	8493.55056134649	620.454889864645	9353.42397982165
249	Bhubaneswar	Bhubaneswar Urban Area	51.5	73.125	97.0625	32.3125	55.125	80.4375	0.614466815809098	0.570175438596491	0.546830985915493	0.385533184190902	0.429824561403509	0.453169014084507	2432.93545924782	7426.50030568422	2978.01909994653	13811.1025761974	2386.62094785756	12801.5922900321
250	Haikou	Haikou Urban Area	97.6875	105.3125	113.5	74.875	107.6875	150.8125	0.566099239406012	0.494424882629108	0.429415937573895	0.433900760593988	0.505575117370892	0.570584062426105	3691.95035418145	18161.7656369532	1559.37463893897	8946.00074212799	1281.28457629738	10596.7495200912
251	Thane	Thane Urban Area	578.3125	591.0	567.75	857.5625	934.75	1066.5625	0.402759641333682	0.387350483368835	0.347393781788979	0.597240358666318	0.612649516631165	0.652606218211021	1723.70957267289	8392.27400658405	1323.68282337236	20315.1703958647	1634.43985036723	21563.8879663851
252	Pune	Pune Urban Area	259.375	313.0	368.4375	215.25	257.4375	381.0625	0.546484066368185	0.548701654431905	0.491577718478986	0.453515933631815	0.451298345568095	0.508422281521014	1172.41106758029	18946.7537339317	2036.61710668736	17135.3718127172	1773.46395779358	17554.3908523827
253	Hyderabad	Hyderabad Urban Area	444.75	534.0625	637.5625	371.625	575.5625	863.0	0.544786403307304	0.481299988734933	0.424882335790745	0.455213596692696	0.518700011265067	0.575117664209255	2007.77717649736	14974.0898307774	946.061855592341	11349.0480862917	847.199881123255	10066.3884315889
254	Tuxtla Gutiérrez	Tuxtla Gutiérrez Urban Area	41.0	40.5	47.8125	72.375	92.1875	104.25	0.361631753031974	0.305228450306171	0.31442663378545	0.638368246968026	0.694771549693829	0.68557336621455	1344.82037637007	13974.0041480297	492.726292912607	5580.02453282243	390.086138812204	6492.96257128818
255	Hue	Hue Urban Area	52.4375	53.25	52.75	34.1875	35.125	36.5	0.605339105339105	0.602545968882603	0.591036414565826	0.394660894660895	0.397454031117397	0.408963585434174	1107.97689579503	5110.62366202293	1700.88049889758	12329.4815304576	1667.58670530599	12319.3172883334
256	Ubon Ratchathani	Ubon Ratchathani Urban Area	49.3125	59.0625	66.3125	33.5625	41.625	49.125	0.595022624434389	0.58659217877095	0.574445046020574	0.404977375565611	0.41340782122905	0.425554953979426	1572.24985080453	11236.9735051631	728.028597938636	5885.47968830647	617.243977711865	4942.40895961927
257	Naga	Naga Urban Area	80.625	86.625	91.8125	21.25	28.1875	41.875	0.791411042944785	0.754491017964072	0.686769518466573	0.208588957055215	0.245508982035928	0.313230481533427	824.955043284666	6638.84662194847	1243.03750603722	4418.57051265742	1614.63571571054	5211.18328315393
258	Bangalore	Bangalore Urban Area	293.125	356.125	419.9375	311.875	414.5	639.125	0.484504132231405	0.462124898621249	0.396518146946002	0.515495867768595	0.537875101378751	0.603481853053998	943.290614469476	3375.6747719933	1408.09286330743	14651.8646759705	1776.53029029703	16544.1187594582
259	Coimbatore	Coimbatore Urban Area	235.8125	278.9375	339.5	159.6875	187.0625	267.375	0.596238938053097	0.598578326180258	0.559423274974253	0.403761061946903	0.401421673819742	0.440576725025747	1159.93834693617	12886.9467210758	1349.4856541622	9989.49429752593	1212.54695766435	9084.68966199706
260	Barranquilla	Barranquilla Urban Area	76.1875	81.6875	95.5625	137.75	146.375	163.0625	0.356120362255332	0.358180323376267	0.369502174963751	0.643879637744668	0.641819676623733	0.630497825036249	1333.89532478875	9505.02317592076	677.465644236469	11039.8525864025	735.985997983682	12176.2339361972
261	San Carlos (Negros Occidental)	San Carlos (Negros Occidental) Urban Area	6.0625	7.125	8.5	1.9375	2.5	4.0	0.7578125	0.74025974025974	0.68	0.2421875	0.25974025974026	0.32	607.391404651319	9823.40470929154	4849.80699773316	15352.4823486328	2394.3115798178	14239.0690917969
262	Valledupar	Valledupar Urban Area	8.0	11.0	10.1875	18.0	23.8125	29.0	0.307692307692308	0.315978456014363	0.259968102073365	0.692307692307692	0.684021543985637	0.740031897926635	6052.52557843432	11690.1438303301	1288.34165189415	11788.5003498708	1499.24264942503	13499.7280757509
263	Cochin	Cochin Urban Area	409.75	450.4375	539.3125	340.3125	365.375	511.1875	0.546287809349221	0.552133609132	0.51338648262732	0.453712190650779	0.447866390868	0.48661351737268	1108.85028222948	11580.6910502116	1045.64052125049	6666.71333570347	685.864124389925	5274.82457151365
264	San Jerónimo de Montería	San Jerónimo de Montería Urban Area	8.9375	10.3125	12.6875	17.75	21.0625	26.4375	0.334894613583138	0.328685258964143	0.324281150159744	0.665105386416862	0.671314741035857	0.675718849840256	1070.46449272579	6556.42882776182	1604.51227184642	14363.1102486902	1620.91089572343	14005.3105018562
265	Seberang	Seberang Urban Area	296.8125	291.6875	295.5	408.0	504.625	546.0625	0.421122638999734	0.366297778824268	0.351132565911623	0.578877361000266	0.633702221175732	0.648867434088377	1542.17625441918	13730.1354258363	269.89426812951	2343.36654934376	321.629769815624	2917.74614385583
266	Singapore	Singapore Urban Area	371.625	416.375	458.5625	600.0	720.5625	793.625	0.382477807796218	0.366225056346545	0.366209134015473	0.617522192203782	0.633774943653455	0.633790865984527	282.495626367907	2119.32235867369	472.994653526569	6750.02418415775	657.157168061895	9022.88652292126
267	Bandung	Bandung Urban Area	461.6875	458.9375	464.1875	442.4375	514.875	591.25	0.510645651873358	0.471279122007573	0.439805767750341	0.489354348126642	0.528720877992427	0.560194232249659	443.429834400885	5999.47796312193	1445.60491343545	11988.0802253562	1469.52608883041	13474.029704946
268	Semarang	Semarang Urban Area	899.9375	1105.1875	1251.0625	562.0	734.0	1139.0625	0.615578641357787	0.60091072824277	0.523429736938445	0.384421358642213	0.39908927175723	0.476570263061555	1487.60039406157	11123.7216060039	1266.65209629755	7779.86823116791	862.576155796912	5657.64482895421
269	Probolinggo	Probolinggo Urban Area	53.125	68.5625	125.625	8.4375	11.6875	34.0	0.862944162436548	0.854361370716511	0.787000783085356	0.137055837563452	0.145638629283489	0.212999216914644	1589.06591127808	9246.04725775939	3352.14836183441	25993.89781344	1799.06074255581	13118.5994478114
270	Malang	Malang Urban Area	540.9375	629.0625	683.4375	223.0625	315.5	368.375	0.708033376963351	0.665982928604513	0.649771228236972	0.291966623036649	0.334017071395487	0.350228771763028	5354.23835692036	32572.7770399306	1070.02959716558	8209.17281258125	962.179234018015	7690.11796478178
271	Sao Paulo	Sao Paulo Urban Area	781.8125	840.9375	901.125	2086.6875	2146.0625	2214.6875	0.27255098483528	0.281532474054235	0.289210278217961	0.72744901516472	0.718467525945765	0.710789721782039	1341.5213372727	9884.85787205417	428.039632853319	8451.18136386517	456.961775834498	9351.4686561422
272	Msunduzi	Msunduzi Urban Area	86.5625	105.375	119.75	79.375	104.375	111.0625	0.52165725047081	0.50238379022646	0.518819388031411	0.47834274952919	0.49761620977354	0.481180611968589	458.032659389043	7490.96734669479	1136.96441404767	3477.65041674597	1065.24291440684	3887.3772979958
273	Rosario	Rosario Urban Area	69.25	76.875	81.0625	159.5	170.0	179.6875	0.302732240437158	0.311392405063291	0.310882070949185	0.697267759562841	0.688607594936709	0.689117929050815	1582.88050628998	2809.89060732474	593.426611967688	6021.76915027394	584.486826978871	6224.1331183339
274	Nelson Mandela	Nelson Mandela (Nelson Mandela Bay Municipality) Urban Area	128.1875	130.625	130.75	269.0	280.125	312.25	0.322738001573564	0.318015824710895	0.295146726862302	0.677261998426436	0.681984175289105	0.704853273137698	565.338581151023	5964.46941978431	248.527598384577	2843.10388758227	109.155626313551	3139.37018483837
275	Gävle	Gävle Urban Area	22.75	24.6875	24.375	26.3125	27.375	29.875	0.463694267515924	0.474189675870348	0.449308755760369	0.536305732484076	0.525810324129652	0.550691244239631	371.266557135993	2289.01121206294	341.772204629379	2430.43857382857	339.625416576595	2426.56775515249
276	Lampang	Lampang Urban Area	49.9375	52.0	54.1875	33.0625	36.875	39.125	0.601656626506024	0.585091420534459	0.580709979906229	0.398343373493976	0.414908579465541	0.419290020093771	361.097951725289	2481.66766241441	820.458235790917	5203.55430846133	680.803045137943	4292.6062889221
277	Phuket	Phuket Urban Area	52.5625	55.0	53.0	41.6875	48.5625	53.3125	0.557692307692308	0.531080265540133	0.498530276308054	0.442307692307692	0.468919734459867	0.501469723691946	882.429965196977	5767.37903593529	440.690296212787	3219.32400367374	1183.57570201503	8557.81895699004
278	Hat Yai	Hat Yai Urban Area	54.0625	61.1875	63.125	37.5625	50.0	65.875	0.590040927694407	0.550309162450815	0.489341085271318	0.409959072305593	0.449690837549185	0.510658914728682	224.424248888539	1665.53194636812	687.549837004055	5371.95694122314	616.984574554809	4995.04487890718
279	Balikpapan	Balikpapan Urban Area	37.875	42.0625	40.375	30.375	34.75	35.5625	0.554945054945055	0.54759967453214	0.531687242798354	0.445054945054945	0.45240032546786	0.468312757201646	746.623989579684	5712.74611162386	1353.14027101234	10262.7340434781	2058.13503441676	15346.4820794774
280	Windhoek	Windhoek Urban Area	31.125	36.9375	36.8125	32.75	67.4375	80.75	0.487279843444227	0.353892215568862	0.313131313131313	0.512720156555773	0.646107784431138	0.686868686868687	1097.52386165659	8512.41924420894	1153.93604651882	2332.97578287346	1974.31656808529	3755.11208974614
281	Buffalo City	Buffalo City Urban Area	52.75	56.75	55.5625	66.0625	80.4375	94.25	0.443976854287217	0.413667425968109	0.370880267000417	0.556023145712783	0.586332574031891	0.629119732999583	1560.32549499455	1360.6920803485	650.2305365813	3187.86097709356	318.029185623008	3249.46955762365
282	Lake Forest, IL	see: Chicago Urban Area																		
283	Liaoyang	see: Anshan Urban Area																		
284	Pimpri-Chinchwad	see: Pune Urban Area																		
285	North Vancouver	see: Vancouver Urban Area																		
286	Kyoto	see: Osaka Urban Area																		
287	Khelang Nakhon	see: Lampang Urban Area																		
288	Bogor	see: Jakarta Urban Area																		
289	Yokohama	see: Tokyo Urban Area																		
290	Somerville, MA	see: Boston Urban Area																		
291	Betim	see: Belo Horizonte Urban Area																		
292	Windsor, ON	see: Detroit Urban Area																		
293	Toluca de Lerdo	see: Mexico City Urban Area																		
294	Gandhinagar	see: Ahmedabad Urban Area																		
295	Fushun	see: Shenyang Urban Area																		
296	Arlington, VA	see: Washington DC Urban Area																		
297	Pingtung	see: Kaohsiung City Urban Area																		
298	Lakewood	see: D Urban Area																		
299	Taoyuan	see: Taipei Urban Area																		
300	Ajax, ON	see: Toronto Urban Area																		
301	Pretoria Tshwane	see: Johannesburg Urban Area																		
302	Alton, IL	see: Saint Louis Urban Area																		
303	Gladsaxe Kommune	see: Copenhagen Urban Area																		
304	Xiangtan	see: Changsha Urban Area																		
305	Suwon	see: Soul Urban Area																		
306	Hamilton, ON	see: Toronto Urban Area																		
307	Hoeje-Taastrup Kommune	see: Copenhagen Urban Area																		
308	Ekurhuleni	see: Johannesburg Urban Area																		
309	Shenzhen	see: Guangzhou and Hong Kong Urban Area																		
310	Zhuzhou	see: Changsha Urban Area																		
311	Incheon	see: Soul Urban Area																		
312	University City, MO	see: Saint Louis Urban Area																		
313	Suzhou	see: Shanghai Urban Area																		
314	Cascais	see: Lisbon Urban Area																		
315	Quezon	see: Manila Urban Area																		
316	Hermosa Beach, CA	see: Los Angeles Urban Area																		
317	Abington	see: New York and Philadelphia Urban Area																		
318	Wuxi	see: Shanghai Urban Area																		
319	Santa Rosa	see: Manila Urban Area																		
320	West Hollywood	see: Los Angeles Urban Area																		
321	Moita	see: Lisbon Urban Area																		
322	Yonkers	see: New York and Philadelphia Urban Area																		
323	Barreiro	see: Lisbon Urban Area																		
324	Changzhou	see: Shanghai Urban Area																		
325	Makati	see: Manila Urban Area																		
326	Santa Monica	see: Los Angeles Urban Area																		
327	Hayward	see: San Francisco Bay Urban Area																		
328	Los Altos Hills	see: San Francisco Bay Urban Area																		
329	Oakland	see: San Francisco Bay Urban Area																		
330	Palo Alto	see: San Francisco Bay Urban Area																		
331	Piedmont, CA	see: San Francisco Bay Urban Area																		
332	Brisbane, CA	see: San Francisco Bay Urban Area																		
333	Emeryville, CA	see: San Francisco Bay Urban Area																		
334	Benicia	see: San Francisco Bay Urban Area																		
335	Amsterdam	Amsterdam and Rotterdam Urban Area	767.75	820.375	810.3125	1285.375	1469.9375	1788.9375	0.373942161339422	0.358193477964252	0.311748581321535	0.626057838660578	0.641806522035748	0.688251418678465	1749.71957754865	6483.27671453689	275.634100333003	3042.12085006417	233.429310897484	2726.10657709848
336	Durban	eThekwini Metropolitan Municipality Urban Area	384.0	391.0	381.8125	583.125	671.25	775.625	0.39705312136487	0.368086608613791	0.329877423186997	0.60294687863513	0.631913391386209	0.670122576813003	297.291396939106	2358.53041910084	794.034548294608	3754.73803488901	554.1960954493	3898.09991358414
337	Guangzhou	Guangzhou and Hong Kong Urban Area	4285.0	4402.3125	4754.25	3414.875	4930.9375	6262.4375	0.55650254062566	0.471680550719203	0.431549864693902	0.44349745937434	0.528319449280797	0.568450135306098	371.028556930378	6520.30604234578	814.776761005488	7919.36439477701	826.693473862191	8758.23566118808
338	Izmir	Bornova Municip Urban Area	125.125	137.875	152.6875	236.3125	275.4375	303.375	0.346187100121044	0.333585362165432	0.334795121282719	0.653812899878956	0.666414637834568	0.665204878717281	748.609857325585	7477.83598276252	675.256034897915	9417.82965596171	857.639370843512	9584.94673430227
339	New York City	New York and Philadelphia Urban Area	3405.5	3493.0625	3288.0625	7074.8125	7737.875	8621.4375	0.324942600709664	0.311021453017613	0.276087367227843	0.675057399290336	0.688978546982387	0.723912632772157	216.331768272073	2534.86711254979	309.198675457096	2672.74595909736	241.821455923202	2515.71044619662
340	Taipei City	Taipei Urban Area	465.625	465.8125	474.625	782.0625	782.0625	792.125	0.373190402244152	0.373284583792447	0.374679297414644	0.626809597755848	0.626715416207553	0.625320702585356	282.648507434463	3155.98994653673	872.799426066326	10144.9899497052	1038.23076402044	11398.1515661272
